{"stats":{"minecraft:mined":{"minecraft:white_bed":2,"minecraft:deepslate_diamond_ore":6,"minecraft:sculk_vein":1,"farmersdelight:wild_carrots":13,"minecraft:granite":30,"minecraft:grass_block":29,"minecraft:coal_block":18,"minecraft:spruce_leaves":5,"minecraft:magma_block":2,"minecraft:furnace":2,"minecraft:carrots":1,"minecraft:iron_ore":136,"minecraft:andesite":58,"minecraft:deepslate_lapis_ore":2,"minecraft:potatoes":4,"minecraft:deepslate_iron_ore":17,"minecraft:rail":2,"minecraft:stone":588,"ad_astra:sky_stone":4,"minecraft:deepslate_redstone_ore":14,"minecraft:blackstone":1,"minecraft:basalt":3,"minecraft:crafting_table":13,"minecraft:blast_furnace":1,"minecraft:emerald_ore":1,"minecraft:chest":2,"farmersdelight:cabbages":2,"minecraft:tall_grass":4,"minecraft:copper_ore":11,"minecraft:cobblestone":11,"minecraft:lapis_ore":4,"minecraft:deepslate_gold_ore":9,"minecraft:oak_planks":6,"minecraft:sculk":4,"minecraft:diorite":2,"minecraft:wall_torch":3,"minecraft:seagrass":1,"minecraft:birch_log":11,"minecraft:spruce_log":80,"minecraft:grass":11,"minecraft:oak_log":65,"minecraft:coal_ore":374,"minecraft:gravel":2,"minecraft:sand":389,"minecraft:dirt":53,"minecraft:cobweb":8,"minecraft:gold_ore":25,"minecraft:oak_leaves":14,"minecraft:deepslate":38},"minecraft:custom":{"minecraft:mob_kills":100,"minecraft:animals_bred":5,"minecraft:interact_with_crafting_table":40,"minecraft:leave_game":14,"minecraft:time_since_death":30729,"minecraft:sprint_one_cm":329259,"minecraft:walk_one_cm":785684,"minecraft:damage_blocked_by_shield":1355,"minecraft:drop":10,"minecraft:play_time":284034,"minecraft:sneak_time":4876,"minecraft:deaths":3,"minecraft:walk_under_water_one_cm":40747,"minecraft:boat_one_cm":690000,"minecraft:jump":2262,"minecraft:interact_with_blast_furnace":15,"minecraft:walk_on_water_one_cm":39126,"minecraft:total_world_time":284034,"minecraft:interact_with_furnace":37,"minecraft:sleep_in_bed":6,"minecraft:time_since_rest":30084,"minecraft:damage_taken":2968,"minecraft:damage_dealt":19068,"minecraft:swim_one_cm":23598,"minecraft:fly_one_cm":364831,"minecraft:open_chest":65,"minecraft:crouch_one_cm":8882,"tombstone:undead_killed":54,"minecraft:interact_with_smoker":12,"minecraft:fall_one_cm":34153,"minecraft:inspect_dispenser":1},"minecraft:crafted":{"minecraft:wooden_sword":1,"minecraft:oak_planks":88,"minecraft:smooth_stone":3,"minecraft:coal":420,"minecraft:cooked_chicken":3,"minecraft:furnace":4,"minecraft:blast_furnace":1,"minecraft:stone":3,"minecraft:cooked_mutton":14,"minecraft:glass":103,"minecraft:iron_boots":1,"minecraft:iron_axe":1,"minecraft:stone_pickaxe":4,"minecraft:chest":1,"minecraft:spruce_boat":1,"minecraft:smoker":2,"minecraft:cooked_beef":29,"minecraft:coal_block":29,"minecraft:item_frame":11,"minecraft:crafting_table":3,"minecraft:spruce_planks":44,"minecraft:iron_helmet":1,"minecraft:baked_potato":3,"minecraft:wooden_pickaxe":1,"minecraft:iron_sword":1,"minecraft:stone_axe":1,"minecraft:air":0,"minecraft:oak_boat":1,"minecraft:iron_chestplate":1,"minecraft:shield":2,"minecraft:stick":152,"minecraft:iron_ingot":75,"minecraft:iron_pickaxe":4,"minecraft:wooden_axe":1,"minecraft:stone_sword":1,"minecraft:iron_shovel":2,"minecraft:iron_leggings":1,"minecraft:gold_ingot":6,"minecraft:white_bed":1,"minecraft:torch":184},"minecraft:broken":{"aether:golden_gloves":1,"minecraft:iron_shovel":1,"minecraft:stone_sword":1,"minecraft:stone_pickaxe":4,"minecraft:shield":1,"minecraft:stone_axe":1,"minecraft:iron_pickaxe":3},"minecraft:killed_by":{"alexsmobs:skelewag":1,"alexsmobs:bison":1,"minecraft:skeleton":1},"minecraft:used":{"minecraft:oak_fence":26,"minecraft:stone_sword":123,"minecraft:iron_shovel":460,"minecraft:flint_and_steel":2,"farmersdelight:cabbage_seeds":13,"minecraft:chest":29,"minecraft:shield":86,"minecraft:stone":9,"minecraft:iron_sword":157,"minecraft:cooked_chicken":3,"minecraft:stone_hoe":80,"minecraft:torch":197,"minecraft:dirt":96,"minecraft:spruce_stairs":12,"minecraft:carrot":40,"minecraft:granite":1,"minecraft:oak_fence_gate":2,"minecraft:glass":102,"minecraft:spruce_boat":1,"minecraft:wooden_axe":13,"minecraft:iron_axe":123,"minecraft:grass_block":1,"minecraft:item_frame":11,"minecraft:magma_block":1,"minecraft:furnace":3,"tombstone:gift":4,"minecraft:egg":1,"minecraft:potato":36,"minecraft:cooked_beef":14,"farmersdelight:tomato_seeds":20,"minecraft:cooked_mutton":7,"minecraft:water_bucket":5,"minecraft:stone_pickaxe":525,"minecraft:baked_potato":3,"minecraft:oak_planks":13,"minecraft:wooden_pickaxe":20,"minecraft:tnt":2,"minecraft:crafting_table":21,"minecraft:blast_furnace":2,"minecraft:white_bed":3,"minecraft:smoker":2,"minecraft:bread":1,"minecraft:iron_pickaxe":826,"minecraft:pig_spawn_egg":10,"tombstone:magic_scroll":1,"minecraft:gravel":2,"minecraft:spruce_sapling":12,"minecraft:stone_axe":106,"minecraft:cobblestone":21,"minecraft:bucket":2,"minecraft:oak_boat":4,"alexsmobs:animal_dictionary":3},"minecraft:killed":{"minecraft:spider":5,"alexsmobs:tasmanian_devil":1,"minecraft:skeleton":15,"minecraft:horse":7,"minecraft:chicken":3,"alexsmobs:bison":2,"minecraft:zombie_villager":1,"alexsmobs:seal":1,"minecraft:creeper":4,"minecraft:sheep":14,"minecraft:zombie":38,"alexsmobs:fly":1,"alexsmobs:crow":1,"minecraft:cow":8},"minecraft:picked_up":{"minecraft:seagrass":2,"minecraft:crafting_table":13,"minecraft:chicken":3,"minecraft:prismarine_shard":1,"minecraft:enchanted_book":1,"ad_astra:sky_stone":5,"minecraft:string":14,"minecraft:raw_copper":46,"minecraft:cobbled_deepslate":38,"farmersdelight:cabbage":1,"minecraft:spruce_planks":2,"minecraft:beef":29,"minecraft:oak_boat":5,"minecraft:coal_block":28,"minecraft:chest":2,"minecraft:birch_sapling":1,"farmersdelight:cabbage_seeds":4,"minecraft:furnace":3,"minecraft:egg":4,"minecraft:stick":16,"minecraft:raw_iron":153,"bygonenether:cobbled_blackstone":1,"minecraft:oak_fence":4,"minecraft:torch":13,"tombstone:grave_dust":5,"minecraft:carrot":17,"minecraft:redstone":61,"minecraft:arrow":9,"minecraft:rotten_flesh":39,"minecraft:mutton":21,"minecraft:rail":2,"minecraft:white_wool":12,"minecraft:cobblestone":562,"minecraft:birch_log":11,"minecraft:magma_block":2,"minecraft:cooked_beef":1,"minecraft:feather":2,"minecraft:basalt":3,"minecraft:andesite":59,"minecraft:brown_wool":1,"minecraft:leather":20,"minecraft:potato":15,"alexsmobs:bison_fur":1,"minecraft:oak_log":65,"minecraft:gunpowder":5,"minecraft:lapis_lazuli":36,"farmersdelight:tomato":4,"minecraft:dirt":66,"tombstone:gift":1,"minecraft:bone":9,"minecraft:apple":1,"minecraft:bow":2,"minecraft:raw_gold":34,"minecraft:iron_ingot":3,"minecraft:oak_planks":11,"minecraft:gravel":5,"minecraft:sand":384,"minecraft:spruce_sapling":10,"minecraft:blast_furnace":1,"minecraft:ink_sac":7,"minecraft:white_bed":2,"minecraft:spruce_log":80,"minecraft:spider_eye":1,"minecraft:bundle":1,"minecraft:diamond":6,"minecraft:spruce_boat":1,"minecraft:granite":16,"minecraft:gray_wool":1,"minecraft:emerald":1,"minecraft:oak_sapling":3,"tombstone:magic_scroll":3,"minecraft:coal":474},"minecraft:dropped":{"minecraft:cobblestone":6,"bygonenether:cobbled_blackstone":1,"minecraft:seagrass":2,"tombstone:grave_dust":4,"minecraft:cooked_mutton":2,"minecraft:oak_boat":2,"minecraft:basalt":3}},"DataVersion":3120}