{"stats":{"minecraft:broken":{"aether:golden_gloves":1,"minecraft:iron_shovel":2,"minecraft:iron_boots":1,"minecraft:iron_chestplate":1,"minecraft:iron_leggings":1,"minecraft:stone_pickaxe":4,"minecraft:stone_axe":1,"minecraft:iron_sword":1,"minecraft:stone_sword":1,"aether:iron_gloves":1,"minecraft:shield":2,"minecraft:iron_axe":2,"minecraft:iron_pickaxe":9,"minecraft:iron_helmet":2},"minecraft:killed_by":{"cataclysm:deepling_angler":1,"minecraft:pillager":1,"cataclysm:deepling":1,"alexsmobs:giant_squid":1,"alexsmobs:skelewag":4,"alexsmobs:bison":1,"minecraft:skeleton":3},"minecraft:custom":{"minecraft:animals_bred":94,"minecraft:interact_with_crafting_table":79,"minecraft:open_barrel":7,"minecraft:leave_game":28,"minecraft:time_since_death":86618,"minecraft:sprint_one_cm":853593,"minecraft:damage_blocked_by_shield":5813,"minecraft:drop":48,"minecraft:play_noteblock":1,"minecraft:talked_to_villager":8,"minecraft:play_time":719236,"minecraft:deaths":15,"minecraft:jump":5254,"minecraft:walk_on_water_one_cm":121288,"minecraft:enchant_item":2,"minecraft:interact_with_furnace":67,"minecraft:sleep_in_bed":20,"minecraft:damage_dealt":59543,"minecraft:crouch_one_cm":21280,"tombstone:undead_killed":149,"minecraft:interact_with_smoker":34,"minecraft:inspect_dispenser":2,"minecraft:mob_kills":326,"minecraft:climb_one_cm":84146,"minecraft:walk_one_cm":1999187,"minecraft:sneak_time":12577,"minecraft:walk_under_water_one_cm":296726,"minecraft:boat_one_cm":2337733,"minecraft:interact_with_blast_furnace":50,"minecraft:total_world_time":719236,"tombstone:raider_killed":12,"minecraft:interact_with_grindstone":1,"minecraft:interact_with_stonecutter":1,"minecraft:time_since_rest":58593,"minecraft:damage_taken":11165,"minecraft:swim_one_cm":202816,"minecraft:fly_one_cm":710852,"minecraft:open_chest":459,"minecraft:fall_one_cm":75410},"minecraft:killed":{"alexsmobs:lobster":2,"minecraft:witch":1,"minecraft:spider":16,"minecraft:skeleton":77,"minecraft:chicken":4,"minecraft:silverfish":26,"alexsmobs:skelewag":4,"minecraft:pig":22,"minecraft:zombie_villager":1,"alexsmobs:seal":1,"minecraft:creeper":7,"minecraft:sheep":14,"minecraft:pillager":11,"minecraft:zombie":67,"cataclysm:deepling":1,"alexsmobs:fly":1,"minecraft:cow":8,"mowziesmobs:naga":1,"alexsmobs:raccoon":1,"alexsmobs:tasmanian_devil":1,"minecraft:slime":6,"minecraft:horse":7,"alexsmobs:bison":10,"alexsmobs:flying_fish":2,"cataclysm:deepling_angler":1,"alexsmobs:crow":2,"minecraft:enderman":1},"minecraft:picked_up":{"minecraft:seagrass":2,"minecraft:iron_chestplate":1,"minecraft:wheat":41,"minecraft:suspicious_stew":3,"minecraft:prismarine_shard":1,"minecraft:flower_pot":4,"minecraft:smithing_table":1,"minecraft:lead":6,"aether:iron_gloves":1,"minecraft:enchanted_book":1,"minecraft:brewing_stand":1,"minecraft:string":29,"minecraft:raw_copper":90,"minecraft:iron_leggings":4,"minecraft:pufferfish":1,"minecraft:purple_banner":1,"minecraft:gold_nugget":3,"minecraft:cobbled_deepslate":294,"farmersdelight:cabbage":43,"minecraft:spruce_planks":15,"minecraft:calcite":1,"minecraft:iron_pickaxe":3,"minecraft:coal_block":32,"farmersdelight:cabbage_seeds":130,"minecraft:furnace":3,"minecraft:iron_boots":3,"minecraft:white_glazed_terracotta":8,"minecraft:stick":31,"minecraft:jukebox":2,"farmersdelight:rotten_tomato":4,"minecraft:oak_fence":4,"minecraft:torch":45,"minecraft:porkchop":9,"tombstone:grave_dust":17,"minecraft:diorite":34,"minecraft:orange_bed":1,"minecraft:honey_bottle":4,"minecraft:rotten_flesh":104,"minecraft:tropical_fish":3,"farmersdelight:onion":340,"minecraft:red_tulip":2,"farmersdelight:rope":27,"minecraft:obsidian":10,"minecraft:cobblestone":1992,"minecraft:birch_log":25,"minecraft:magma_block":2,"minecraft:feather":13,"minecraft:cooked_beef":1,"farmersdelight:rice":3,"minecraft:water_bucket":1,"minecraft:andesite":80,"minecraft:brown_wool":1,"minecraft:potato":259,"alexsmobs:bison_fur":14,"minecraft:flint":42,"minecraft:tuff":4,"minecraft:map":3,"minecraft:lapis_lazuli":98,"farmersdelight:tomato":149,"minecraft:dirt":170,"minecraft:bone":88,"minecraft:chipped_anvil":1,"minecraft:stonecutter":1,"minecraft:bow":3,"minecraft:wheat_seeds":70,"minecraft:raw_gold":128,"minecraft:grindstone":1,"minecraft:moss_block":5,"alexsmobs:blobfish":2,"minecraft:oak_planks":11,"minecraft:black_terracotta":1,"minecraft:cooked_porkchop":81,"minecraft:poisonous_potato":1,"minecraft:jungle_planks":3,"minecraft:sand":384,"minecraft:stripped_spruce_log":4,"sophisticatedbackpacks:iron_backpack":1,"minecraft:ink_sac":77,"securitycraft:reinforced_stone":16,"minecraft:lily_of_the_valley":1,"minecraft:barrel":28,"minecraft:bundle":4,"minecraft:dispenser":1,"minecraft:diamond":69,"minecraft:spruce_boat":1,"minecraft:granite":47,"minecraft:emerald":30,"minecraft:bread":15,"minecraft:oak_sapling":9,"minecraft:fishing_rod":1,"minecraft:crafting_table":29,"minecraft:chicken":4,"ad_astra:sky_stone":5,"minecraft:cornflower":2,"minecraft:oak_trapdoor":1,"minecraft:red_bed":1,"minecraft:flint_and_steel":8,"minecraft:beef":88,"minecraft:oak_boat":32,"minecraft:player_head":4,"minecraft:iron_nugget":4,"minecraft:chest":20,"minecraft:birch_sapling":1,"alexsmobs:skelewag_sword":2,"minecraft:egg":7,"minecraft:raw_iron":245,"minecraft:stone":246,"bygonenether:cobbled_blackstone":1,"minecraft:spruce_fence":1,"minecraft:note_block":1,"farmersdelight:tomato_seeds":4,"minecraft:carrot":365,"minecraft:redstone":272,"minecraft:iron_horse_armor":1,"minecraft:dark_oak_planks":1,"minecraft:tnt":16,"minecraft:arrow":94,"minecraft:hay_block":8,"minecraft:saddle":1,"minecraft:gold_ingot":13,"minecraft:mutton":26,"minecraft:rail":2,"minecraft:skeleton_skull":3,"minecraft:white_wool":12,"farmersdelight:rich_soil":3,"securitycraft:reinforced_diamond_block":2,"minecraft:basalt":3,"minecraft:glow_ink_sac":2,"minecraft:leather":20,"aquamirae:spinefish":1,"alexsmobs:cachalot_whale_tooth":2,"minecraft:oak_log":113,"minecraft:gunpowder":129,"minecraft:paper":41,"securitycraft:reinforced_glass":8,"tombstone:gift":1,"minecraft:apple":7,"minecraft:spruce_wood":41,"minecraft:iron_ingot":27,"minecraft:cobweb":15,"minecraft:iron_sword":2,"minecraft:dark_oak_stairs":1,"minecraft:book":256,"minecraft:dark_oak_slab":2,"minecraft:pumpkin":7,"alexsmobs:fish_bones":3,"minecraft:gravel":15,"minecraft:amethyst_shard":8,"minecraft:spruce_sapling":21,"minecraft:blast_furnace":1,"minecraft:white_bed":3,"minecraft:spruce_log":243,"minecraft:spider_eye":8,"minecraft:slime_ball":10,"minecraft:gray_wool":1,"tombstone:magic_scroll":7,"minecraft:baked_potato":7,"minecraft:coal":590},"minecraft:used":{"minecraft:iron_shovel":561,"farmersdelight:cabbage_seeds":85,"minecraft:ladder":147,"minecraft:chest":30,"minecraft:shield":269,"minecraft:stone":38,"minecraft:iron_sword":657,"minecraft:rotten_flesh":6,"minecraft:carrot":124,"minecraft:tuff":4,"minecraft:spruce_boat":1,"minecraft:glass":301,"minecraft:grass_block":1,"minecraft:item_frame":11,"minecraft:magma_block":1,"minecraft:furnace":3,"minecraft:skeleton_skull":1,"minecraft:egg":1,"minecraft:potato":91,"minecraft:diorite":1,"minecraft:stone_pickaxe":525,"minecraft:oak_planks":13,"minecraft:wooden_pickaxe":20,"minecraft:blast_furnace":2,"securitycraft:universal_block_remover":26,"minecraft:bread":34,"minecraft:gravel":2,"minecraft:grindstone":1,"minecraft:oak_boat":37,"minecraft:bone_meal":246,"minecraft:oak_fence":26,"minecraft:enchanting_table":1,"minecraft:stone_sword":123,"minecraft:flint_and_steel":18,"minecraft:spruce_planks":84,"minecraft:stone_hoe":167,"minecraft:cooked_chicken":3,"minecraft:orange_bed":1,"minecraft:torch":498,"minecraft:dirt":239,"minecraft:spruce_stairs":24,"securitycraft:reinforced_stone":14,"minecraft:granite":1,"minecraft:oak_fence_gate":2,"farmersdelight:rope":5,"minecraft:wooden_axe":13,"minecraft:bookshelf":15,"minecraft:iron_axe":695,"tombstone:gift":7,"minecraft:cooked_beef":25,"farmersdelight:tomato_seeds":40,"minecraft:cobbled_deepslate":18,"alexsmobs:blobfish":1,"minecraft:wheat_seeds":67,"minecraft:cooked_mutton":17,"minecraft:water_bucket":9,"minecraft:birch_planks":9,"minecraft:baked_potato":27,"farmersdelight:onion":109,"minecraft:diamond_block":2,"minecraft:tnt":2,"minecraft:crafting_table":39,"minecraft:birch_sign":1,"minecraft:white_bed":3,"minecraft:spruce_log":91,"minecraft:smoker":2,"minecraft:diamond_pickaxe":888,"minecraft:iron_pickaxe":2471,"minecraft:pig_spawn_egg":10,"tombstone:magic_scroll":1,"minecraft:spruce_sapling":20,"minecraft:stone_axe":106,"minecraft:cobblestone":260,"minecraft:cooked_porkchop":2,"minecraft:bucket":6,"alexsmobs:animal_dictionary":3},"minecraft:dropped":{"minecraft:dirt":1,"minecraft:seagrass":2,"minecraft:amethyst_shard":4,"minecraft:bone":12,"minecraft:cobbled_deepslate":6,"minecraft:rotten_flesh":21,"minecraft:cooked_mutton":2,"alexsmobs:cachalot_whale_tooth":1,"minecraft:basalt":3,"minecraft:arrow":14,"minecraft:cobblestone":6,"minecraft:granite":27,"bygonenether:cobbled_blackstone":1,"minecraft:diorite":1,"minecraft:ink_sac":8,"tombstone:grave_dust":9,"minecraft:iron_axe":1,"minecraft:string":7,"minecraft:oak_trapdoor":1,"minecraft:spruce_fence":1,"minecraft:lily_of_the_valley":1,"minecraft:spruce_boat":1,"minecraft:spruce_planks":1,"minecraft:andesite":26,"minecraft:oak_boat":2,"minecraft:spider_eye":3,"minecraft:slime_ball":4,"minecraft:raw_gold":9,"minecraft:red_tulip":2,"minecraft:calcite":1},"minecraft:crafted":{"securitycraft:reinforced_black_stained_glass":8,"minecraft:black_dye":1,"minecraft:smooth_stone":3,"minecraft:oak_planks":124,"minecraft:cooked_chicken":3,"minecraft:stone":241,"minecraft:bookshelf":15,"minecraft:cooked_mutton":19,"securitycraft:laser_block":1,"minecraft:glass":384,"minecraft:bow":1,"minecraft:iron_boots":2,"minecraft:chest":1,"minecraft:stone_hoe":1,"minecraft:smoker":2,"farmersdelight:tomato_seeds":16,"minecraft:item_frame":11,"minecraft:cooked_porkchop":2,"minecraft:crafting_table":5,"minecraft:spruce_planks":476,"minecraft:iron_helmet":2,"minecraft:baked_potato":133,"minecraft:wooden_pickaxe":1,"securitycraft:universal_block_reinforcer_lvl2":1,"minecraft:copper_ingot":90,"minecraft:birch_planks":72,"minecraft:iron_chestplate":2,"minecraft:diamond_pickaxe":1,"minecraft:shield":4,"farmersdelight:barbecue_stick":102,"minecraft:stick":724,"minecraft:iron_ingot":237,"minecraft:iron_pickaxe":9,"minecraft:stone_sword":1,"minecraft:gold_ingot":125,"minecraft:shears":1,"minecraft:wooden_sword":1,"minecraft:coal":465,"minecraft:furnace":4,"minecraft:blast_furnace":1,"minecraft:bone_meal":246,"minecraft:diamond_block":2,"minecraft:glass_pane":16,"minecraft:spruce_stairs":12,"minecraft:iron_axe":4,"minecraft:ladder":153,"securitycraft:universal_block_remover":1,"minecraft:stone_pickaxe":4,"minecraft:spruce_boat":1,"minecraft:redstone_block":1,"minecraft:birch_sign":3,"minecraft:wheat":72,"minecraft:cooked_beef":88,"minecraft:coal_block":29,"minecraft:enchanting_table":1,"minecraft:iron_sword":2,"minecraft:stone_axe":1,"minecraft:bread":30,"minecraft:air":0,"minecraft:oak_boat":7,"minecraft:wooden_axe":1,"minecraft:iron_shovel":3,"minecraft:iron_leggings":2,"minecraft:white_bed":1,"minecraft:torch":428},"minecraft:mined":{"minecraft:dark_oak_planks":1,"minecraft:white_bed":3,"minecraft:spruce_planks":13,"farmersdelight:rich_soil":3,"minecraft:black_terracotta":1,"minecraft:sculk_vein":1,"minecraft:brewing_stand":1,"minecraft:granite":63,"minecraft:grass_block":63,"minecraft:coal_block":23,"minecraft:spawner":5,"minecraft:magma_block":2,"minecraft:iron_ore":192,"minecraft:fire":7,"minecraft:barrel":26,"minecraft:pumpkin":4,"minecraft:deepslate_lapis_ore":5,"minecraft:dark_oak_stairs":1,"minecraft:potted_cornflower":2,"minecraft:player_head":4,"minecraft:orange_bed":1,"minecraft:deepslate_redstone_ore":52,"minecraft:red_bed":1,"minecraft:blackstone":1,"minecraft:amethyst_cluster":1,"minecraft:torch":10,"minecraft:note_block":1,"minecraft:blast_furnace":1,"minecraft:calcite":2,"minecraft:chest":22,"farmersdelight:cabbages":45,"minecraft:glass":4,"minecraft:cobblestone":12,"minecraft:grindstone":1,"minecraft:oak_planks":6,"minecraft:wall_torch":8,"minecraft:amethyst_block":2,"minecraft:seagrass":1,"minecraft:dark_oak_slab":1,"minecraft:birch_log":25,"minecraft:wheat":23,"minecraft:jukebox":2,"minecraft:grass":13,"minecraft:oak_log":113,"minecraft:sand":389,"minecraft:dirt":123,"minecraft:smooth_basalt":2,"minecraft:dispenser":2,"minecraft:stonecutter":1,"minecraft:potted_red_tulip":1,"minecraft:oak_leaves":32,"minecraft:deepslate":320,"minecraft:tuff":1,"farmersdelight:onions":109,"minecraft:deepslate_diamond_ore":66,"farmersdelight:wild_carrots":13,"minecraft:spruce_fence":1,"minecraft:jungle_planks":6,"minecraft:spruce_leaves":15,"minecraft:hay_block":8,"minecraft:redstone_ore":5,"minecraft:spruce_sapling":1,"minecraft:furnace":2,"minecraft:carrots":100,"minecraft:andesite":80,"minecraft:stripped_spruce_log":4,"minecraft:white_glazed_terracotta":8,"minecraft:bookshelf":85,"minecraft:potatoes":77,"farmersdelight:rope":5,"minecraft:deepslate_iron_ore":51,"minecraft:rail":2,"minecraft:stone":2311,"ad_astra:sky_stone":4,"minecraft:smithing_table":1,"minecraft:potted_lily_of_the_valley":1,"minecraft:basalt":3,"minecraft:crafting_table":29,"minecraft:emerald_ore":8,"minecraft:tall_grass":4,"minecraft:copper_ore":25,"minecraft:lapis_ore":11,"minecraft:deepslate_gold_ore":91,"minecraft:sculk":5,"minecraft:diorite":38,"minecraft:spruce_log":243,"minecraft:coal_ore":459,"minecraft:flower_pot":1,"minecraft:gravel":7,"minecraft:cobweb":8,"minecraft:chipped_anvil":1,"minecraft:gold_ore":29}},"DataVersion":3120}