{"stats":{"minecraft:mined":{"minecraft:white_bed":2,"minecraft:deepslate_diamond_ore":59,"minecraft:sculk_vein":1,"farmersdelight:wild_carrots":13,"minecraft:granite":30,"minecraft:grass_block":29,"minecraft:coal_block":18,"minecraft:spruce_leaves":5,"minecraft:magma_block":2,"minecraft:furnace":2,"minecraft:carrots":1,"minecraft:iron_ore":178,"minecraft:andesite":63,"minecraft:deepslate_lapis_ore":5,"minecraft:potatoes":4,"minecraft:deepslate_iron_ore":35,"minecraft:rail":2,"minecraft:stone":610,"ad_astra:sky_stone":4,"minecraft:deepslate_redstone_ore":20,"minecraft:blackstone":1,"minecraft:amethyst_cluster":1,"minecraft:basalt":3,"minecraft:crafting_table":14,"minecraft:torch":1,"minecraft:blast_furnace":1,"minecraft:emerald_ore":1,"minecraft:calcite":2,"minecraft:chest":2,"minecraft:copper_ore":11,"farmersdelight:cabbages":2,"minecraft:tall_grass":4,"minecraft:cobblestone":11,"minecraft:lapis_ore":11,"minecraft:deepslate_gold_ore":33,"minecraft:oak_planks":6,"minecraft:sculk":4,"minecraft:diorite":6,"minecraft:wall_torch":3,"minecraft:amethyst_block":2,"minecraft:seagrass":1,"minecraft:birch_log":11,"minecraft:spruce_log":80,"minecraft:grass":11,"minecraft:oak_log":65,"minecraft:coal_ore":389,"minecraft:gravel":2,"minecraft:sand":389,"minecraft:dirt":53,"minecraft:cobweb":8,"minecraft:smooth_basalt":2,"minecraft:gold_ore":27,"minecraft:oak_leaves":14,"minecraft:deepslate":207},"minecraft:custom":{"minecraft:mob_kills":127,"minecraft:animals_bred":5,"minecraft:interact_with_crafting_table":41,"minecraft:leave_game":15,"minecraft:time_since_death":64060,"minecraft:sprint_one_cm":376624,"minecraft:walk_one_cm":893382,"minecraft:damage_blocked_by_shield":1820,"minecraft:drop":15,"minecraft:play_time":317365,"minecraft:sneak_time":6250,"minecraft:deaths":3,"minecraft:walk_under_water_one_cm":44449,"minecraft:boat_one_cm":690000,"minecraft:jump":2658,"minecraft:interact_with_blast_furnace":15,"minecraft:walk_on_water_one_cm":45580,"minecraft:total_world_time":317365,"minecraft:interact_with_furnace":37,"minecraft:sleep_in_bed":6,"minecraft:time_since_rest":63415,"minecraft:damage_taken":3642,"minecraft:damage_dealt":23653,"minecraft:swim_one_cm":24946,"minecraft:fly_one_cm":398235,"minecraft:open_chest":65,"minecraft:crouch_one_cm":10400,"tombstone:undead_killed":69,"minecraft:interact_with_smoker":12,"minecraft:fall_one_cm":40998,"minecraft:inspect_dispenser":1},"minecraft:crafted":{"minecraft:wooden_sword":1,"minecraft:smooth_stone":3,"minecraft:oak_planks":88,"minecraft:coal":420,"minecraft:cooked_chicken":3,"minecraft:furnace":4,"minecraft:blast_furnace":1,"minecraft:stone":3,"minecraft:cooked_mutton":14,"minecraft:glass":103,"minecraft:iron_boots":1,"minecraft:iron_axe":1,"minecraft:stone_pickaxe":4,"minecraft:chest":1,"minecraft:spruce_boat":1,"minecraft:smoker":2,"minecraft:cooked_beef":29,"minecraft:coal_block":29,"minecraft:item_frame":11,"minecraft:crafting_table":3,"minecraft:spruce_planks":44,"minecraft:iron_helmet":1,"minecraft:baked_potato":3,"minecraft:wooden_pickaxe":1,"minecraft:iron_sword":1,"minecraft:birch_planks":44,"minecraft:stone_axe":1,"minecraft:air":0,"minecraft:oak_boat":1,"minecraft:iron_chestplate":1,"minecraft:shield":2,"minecraft:stick":200,"minecraft:iron_ingot":75,"minecraft:iron_pickaxe":5,"minecraft:wooden_axe":1,"minecraft:stone_sword":1,"minecraft:iron_shovel":2,"minecraft:iron_leggings":1,"minecraft:gold_ingot":6,"minecraft:white_bed":1,"minecraft:torch":340},"minecraft:broken":{"aether:golden_gloves":1,"minecraft:iron_shovel":1,"minecraft:stone_sword":1,"minecraft:stone_pickaxe":4,"minecraft:shield":1,"minecraft:stone_axe":1,"minecraft:iron_pickaxe":4},"minecraft:killed_by":{"alexsmobs:skelewag":1,"alexsmobs:bison":1,"minecraft:skeleton":1},"minecraft:used":{"minecraft:oak_fence":26,"minecraft:stone_sword":123,"minecraft:iron_shovel":460,"minecraft:flint_and_steel":2,"farmersdelight:cabbage_seeds":13,"minecraft:chest":29,"minecraft:shield":101,"minecraft:stone":9,"minecraft:iron_sword":214,"minecraft:cooked_chicken":3,"minecraft:stone_hoe":80,"minecraft:torch":268,"minecraft:dirt":96,"minecraft:spruce_stairs":12,"minecraft:carrot":40,"minecraft:tuff":4,"minecraft:granite":1,"minecraft:oak_fence_gate":2,"minecraft:glass":102,"minecraft:spruce_boat":1,"minecraft:wooden_axe":13,"minecraft:iron_axe":144,"minecraft:grass_block":1,"minecraft:item_frame":11,"minecraft:magma_block":1,"minecraft:furnace":3,"tombstone:gift":4,"minecraft:egg":1,"minecraft:potato":36,"minecraft:cooked_beef":17,"farmersdelight:tomato_seeds":20,"minecraft:cooked_mutton":12,"minecraft:water_bucket":5,"minecraft:diorite":1,"minecraft:stone_pickaxe":525,"minecraft:baked_potato":3,"minecraft:oak_planks":13,"minecraft:wooden_pickaxe":20,"minecraft:tnt":2,"minecraft:crafting_table":22,"minecraft:blast_furnace":2,"minecraft:white_bed":3,"minecraft:smoker":2,"minecraft:bread":1,"minecraft:iron_pickaxe":1204,"minecraft:pig_spawn_egg":10,"tombstone:magic_scroll":1,"minecraft:gravel":2,"minecraft:spruce_sapling":12,"minecraft:stone_axe":106,"minecraft:cobblestone":22,"minecraft:bucket":2,"minecraft:oak_boat":4,"alexsmobs:animal_dictionary":3},"minecraft:killed":{"alexsmobs:lobster":2,"minecraft:spider":10,"alexsmobs:tasmanian_devil":1,"minecraft:slime":5,"minecraft:skeleton":19,"minecraft:horse":7,"minecraft:chicken":3,"alexsmobs:bison":2,"minecraft:zombie_villager":1,"alexsmobs:seal":1,"minecraft:creeper":4,"minecraft:sheep":14,"minecraft:zombie":49,"alexsmobs:fly":1,"alexsmobs:crow":1,"minecraft:cow":8},"minecraft:picked_up":{"minecraft:seagrass":2,"minecraft:crafting_table":14,"minecraft:chicken":3,"minecraft:prismarine_shard":1,"minecraft:enchanted_book":1,"ad_astra:sky_stone":5,"minecraft:string":20,"minecraft:raw_copper":46,"minecraft:cobbled_deepslate":211,"farmersdelight:cabbage":1,"minecraft:spruce_planks":2,"minecraft:beef":29,"minecraft:oak_boat":5,"minecraft:calcite":1,"minecraft:coal_block":28,"minecraft:chest":2,"minecraft:birch_sapling":1,"farmersdelight:cabbage_seeds":4,"minecraft:furnace":3,"minecraft:egg":4,"minecraft:stick":16,"minecraft:raw_iron":215,"bygonenether:cobbled_blackstone":1,"minecraft:oak_fence":4,"minecraft:torch":14,"tombstone:grave_dust":9,"minecraft:diorite":2,"minecraft:carrot":17,"minecraft:redstone":90,"minecraft:arrow":12,"minecraft:rotten_flesh":47,"minecraft:mutton":21,"minecraft:rail":2,"minecraft:white_wool":12,"minecraft:cobblestone":589,"minecraft:birch_log":11,"minecraft:magma_block":2,"minecraft:cooked_beef":1,"minecraft:feather":2,"minecraft:basalt":3,"minecraft:andesite":63,"minecraft:brown_wool":1,"minecraft:leather":20,"minecraft:potato":15,"alexsmobs:bison_fur":1,"minecraft:tuff":4,"minecraft:oak_log":65,"minecraft:gunpowder":5,"minecraft:lapis_lazuli":98,"farmersdelight:tomato":4,"minecraft:dirt":66,"tombstone:gift":1,"minecraft:bone":12,"minecraft:apple":1,"minecraft:bow":2,"minecraft:raw_gold":60,"minecraft:iron_ingot":3,"minecraft:oak_planks":11,"minecraft:gravel":5,"minecraft:sand":384,"minecraft:amethyst_shard":4,"minecraft:blast_furnace":1,"minecraft:spruce_sapling":10,"minecraft:ink_sac":7,"minecraft:white_bed":2,"minecraft:spruce_log":80,"minecraft:spider_eye":4,"minecraft:bundle":1,"minecraft:slime_ball":4,"minecraft:diamond":59,"minecraft:spruce_boat":1,"minecraft:granite":16,"minecraft:gray_wool":1,"minecraft:emerald":1,"tombstone:magic_scroll":3,"minecraft:oak_sapling":3,"minecraft:coal":489},"minecraft:dropped":{"minecraft:cobblestone":6,"bygonenether:cobbled_blackstone":1,"minecraft:diorite":1,"minecraft:seagrass":2,"tombstone:grave_dust":4,"minecraft:cobbled_deepslate":2,"minecraft:cooked_mutton":2,"minecraft:andesite":9,"minecraft:oak_boat":2,"minecraft:basalt":3,"minecraft:calcite":1}},"DataVersion":3120}