{"stats":{"minecraft:used":{"minecraft:iron_shovel":460,"farmersdelight:cabbage_seeds":52,"minecraft:ladder":147,"minecraft:chest":30,"minecraft:shield":231,"minecraft:stone":26,"minecraft:iron_sword":449,"minecraft:rotten_flesh":6,"minecraft:carrot":106,"minecraft:tuff":4,"minecraft:spruce_boat":1,"minecraft:glass":172,"minecraft:grass_block":1,"minecraft:item_frame":11,"minecraft:magma_block":1,"minecraft:furnace":3,"minecraft:skeleton_skull":1,"minecraft:egg":1,"minecraft:potato":73,"minecraft:diorite":1,"minecraft:stone_pickaxe":525,"minecraft:oak_planks":13,"minecraft:wooden_pickaxe":20,"minecraft:blast_furnace":2,"securitycraft:universal_block_remover":11,"minecraft:bread":10,"minecraft:gravel":2,"minecraft:grindstone":1,"minecraft:oak_boat":36,"minecraft:oak_fence":26,"minecraft:enchanting_table":1,"minecraft:stone_sword":123,"minecraft:flint_and_steel":2,"minecraft:spruce_planks":84,"minecraft:stone_hoe":87,"minecraft:cooked_chicken":3,"minecraft:orange_bed":1,"minecraft:torch":450,"minecraft:dirt":96,"minecraft:spruce_stairs":24,"securitycraft:reinforced_stone":1,"minecraft:granite":1,"minecraft:oak_fence_gate":2,"farmersdelight:rope":5,"minecraft:wooden_axe":13,"minecraft:bookshelf":15,"minecraft:iron_axe":552,"tombstone:gift":6,"minecraft:cooked_beef":25,"farmersdelight:tomato_seeds":20,"minecraft:cobbled_deepslate":18,"alexsmobs:blobfish":1,"minecraft:cooked_mutton":17,"minecraft:water_bucket":7,"minecraft:birch_planks":8,"minecraft:baked_potato":16,"farmersdelight:onion":28,"minecraft:diamond_block":2,"minecraft:tnt":2,"minecraft:crafting_table":37,"minecraft:birch_sign":1,"minecraft:white_bed":3,"minecraft:spruce_log":91,"minecraft:smoker":2,"minecraft:diamond_pickaxe":466,"minecraft:iron_pickaxe":2252,"minecraft:pig_spawn_egg":10,"tombstone:magic_scroll":1,"minecraft:spruce_sapling":12,"minecraft:stone_axe":106,"minecraft:cobblestone":260,"minecraft:cooked_porkchop":2,"minecraft:bucket":4,"alexsmobs:animal_dictionary":3},"minecraft:crafted":{"securitycraft:reinforced_black_stained_glass":8,"minecraft:black_dye":1,"minecraft:oak_planks":120,"minecraft:smooth_stone":3,"minecraft:cooked_chicken":3,"minecraft:stone":197,"minecraft:bookshelf":15,"minecraft:cooked_mutton":19,"securitycraft:laser_block":1,"minecraft:glass":302,"minecraft:bow":1,"minecraft:iron_boots":2,"minecraft:chest":1,"minecraft:stone_hoe":1,"minecraft:smoker":2,"minecraft:item_frame":11,"minecraft:cooked_porkchop":2,"minecraft:crafting_table":5,"minecraft:spruce_planks":476,"minecraft:iron_helmet":2,"minecraft:baked_potato":133,"minecraft:wooden_pickaxe":1,"securitycraft:universal_block_reinforcer_lvl2":1,"minecraft:copper_ingot":72,"minecraft:birch_planks":72,"minecraft:iron_chestplate":2,"minecraft:diamond_pickaxe":1,"minecraft:shield":3,"minecraft:stick":592,"minecraft:iron_ingot":237,"minecraft:iron_pickaxe":9,"minecraft:stone_sword":1,"minecraft:gold_ingot":125,"minecraft:shears":1,"minecraft:wooden_sword":1,"minecraft:coal":420,"minecraft:furnace":4,"minecraft:blast_furnace":1,"minecraft:diamond_block":2,"minecraft:glass_pane":16,"minecraft:spruce_stairs":12,"minecraft:iron_axe":3,"minecraft:ladder":153,"securitycraft:universal_block_remover":1,"minecraft:stone_pickaxe":4,"minecraft:spruce_boat":1,"minecraft:redstone_block":1,"minecraft:birch_sign":3,"minecraft:cooked_beef":29,"minecraft:coal_block":29,"minecraft:enchanting_table":1,"minecraft:iron_sword":2,"minecraft:stone_axe":1,"minecraft:air":0,"minecraft:oak_boat":7,"minecraft:wooden_axe":1,"minecraft:iron_shovel":2,"minecraft:iron_leggings":2,"minecraft:white_bed":1,"minecraft:torch":428},"minecraft:custom":{"minecraft:animals_bred":54,"minecraft:interact_with_crafting_table":71,"minecraft:open_barrel":1,"minecraft:leave_game":26,"minecraft:time_since_death":99965,"minecraft:sprint_one_cm":714923,"minecraft:damage_blocked_by_shield":4898,"minecraft:drop":46,"minecraft:play_noteblock":1,"minecraft:talked_to_villager":8,"minecraft:play_time":617556,"minecraft:deaths":13,"minecraft:jump":4529,"minecraft:walk_on_water_one_cm":107822,"minecraft:interact_with_furnace":58,"minecraft:sleep_in_bed":19,"minecraft:damage_dealt":42007,"minecraft:crouch_one_cm":19380,"tombstone:undead_killed":108,"minecraft:interact_with_smoker":31,"minecraft:inspect_dispenser":2,"minecraft:mob_kills":214,"minecraft:climb_one_cm":84146,"minecraft:walk_one_cm":1658847,"minecraft:sneak_time":11281,"minecraft:walk_under_water_one_cm":272590,"minecraft:boat_one_cm":2141227,"minecraft:interact_with_blast_furnace":44,"minecraft:total_world_time":617556,"tombstone:raider_killed":12,"minecraft:interact_with_grindstone":1,"minecraft:interact_with_stonecutter":1,"minecraft:time_since_rest":20667,"minecraft:damage_taken":9209,"minecraft:swim_one_cm":177653,"minecraft:fly_one_cm":624474,"minecraft:open_chest":336,"minecraft:fall_one_cm":67986},"minecraft:picked_up":{"minecraft:seagrass":2,"minecraft:iron_chestplate":1,"minecraft:wheat":18,"minecraft:suspicious_stew":3,"minecraft:prismarine_shard":1,"minecraft:flower_pot":4,"minecraft:smithing_table":1,"minecraft:lead":6,"aether:iron_gloves":1,"minecraft:enchanted_book":1,"minecraft:brewing_stand":1,"minecraft:string":29,"minecraft:raw_copper":72,"minecraft:iron_leggings":4,"minecraft:pufferfish":1,"minecraft:purple_banner":1,"minecraft:gold_nugget":3,"minecraft:cobbled_deepslate":294,"farmersdelight:cabbage":31,"minecraft:spruce_planks":15,"minecraft:calcite":1,"minecraft:iron_pickaxe":3,"minecraft:coal_block":28,"farmersdelight:cabbage_seeds":94,"minecraft:iron_boots":3,"minecraft:furnace":3,"minecraft:white_glazed_terracotta":8,"minecraft:stick":23,"minecraft:jukebox":2,"farmersdelight:rotten_tomato":3,"minecraft:oak_fence":4,"minecraft:torch":29,"minecraft:porkchop":3,"tombstone:grave_dust":12,"minecraft:diorite":34,"minecraft:orange_bed":1,"minecraft:honey_bottle":4,"minecraft:rotten_flesh":104,"minecraft:tropical_fish":3,"farmersdelight:onion":40,"minecraft:red_tulip":2,"farmersdelight:rope":27,"minecraft:obsidian":10,"minecraft:cobblestone":1735,"minecraft:birch_log":18,"minecraft:magma_block":2,"minecraft:feather":12,"minecraft:cooked_beef":1,"farmersdelight:rice":3,"minecraft:water_bucket":1,"minecraft:andesite":80,"minecraft:brown_wool":1,"minecraft:potato":234,"alexsmobs:bison_fur":14,"minecraft:flint":10,"minecraft:tuff":4,"minecraft:map":3,"minecraft:lapis_lazuli":98,"farmersdelight:tomato":94,"minecraft:dirt":67,"minecraft:bone":46,"minecraft:chipped_anvil":1,"minecraft:stonecutter":1,"minecraft:bow":2,"minecraft:raw_gold":128,"minecraft:grindstone":1,"minecraft:moss_block":5,"alexsmobs:blobfish":2,"minecraft:oak_planks":11,"minecraft:black_terracotta":1,"minecraft:poisonous_potato":1,"minecraft:jungle_planks":3,"minecraft:sand":384,"minecraft:stripped_spruce_log":4,"sophisticatedbackpacks:iron_backpack":1,"minecraft:ink_sac":77,"securitycraft:reinforced_stone":1,"minecraft:lily_of_the_valley":1,"minecraft:barrel":14,"minecraft:bundle":1,"minecraft:dispenser":1,"minecraft:diamond":69,"minecraft:spruce_boat":1,"minecraft:granite":45,"minecraft:emerald":30,"minecraft:bread":15,"minecraft:oak_sapling":3,"minecraft:fishing_rod":1,"minecraft:crafting_table":27,"minecraft:chicken":3,"ad_astra:sky_stone":5,"minecraft:cornflower":2,"minecraft:flint_and_steel":5,"minecraft:beef":88,"minecraft:player_head":2,"minecraft:oak_boat":32,"minecraft:iron_nugget":4,"minecraft:chest":19,"minecraft:birch_sapling":1,"alexsmobs:skelewag_sword":2,"minecraft:egg":7,"minecraft:raw_iron":238,"bygonenether:cobbled_blackstone":1,"minecraft:spruce_fence":1,"minecraft:note_block":1,"farmersdelight:tomato_seeds":4,"minecraft:carrot":336,"minecraft:redstone":262,"minecraft:iron_horse_armor":1,"minecraft:dark_oak_planks":1,"minecraft:tnt":6,"minecraft:arrow":43,"minecraft:hay_block":8,"minecraft:saddle":1,"minecraft:gold_ingot":13,"minecraft:mutton":26,"minecraft:white_wool":12,"minecraft:skeleton_skull":3,"minecraft:rail":2,"farmersdelight:rich_soil":3,"securitycraft:reinforced_diamond_block":2,"minecraft:basalt":3,"minecraft:glow_ink_sac":2,"minecraft:leather":20,"aquamirae:spinefish":1,"alexsmobs:cachalot_whale_tooth":1,"minecraft:oak_log":66,"minecraft:gunpowder":45,"securitycraft:reinforced_glass":8,"minecraft:paper":41,"tombstone:gift":1,"minecraft:apple":7,"minecraft:spruce_wood":25,"minecraft:iron_ingot":27,"minecraft:cobweb":3,"minecraft:iron_sword":2,"minecraft:dark_oak_stairs":1,"minecraft:book":256,"minecraft:dark_oak_slab":2,"minecraft:pumpkin":7,"alexsmobs:fish_bones":3,"minecraft:gravel":7,"minecraft:amethyst_shard":8,"minecraft:spruce_sapling":12,"minecraft:blast_furnace":1,"minecraft:white_bed":3,"minecraft:spruce_log":186,"minecraft:spider_eye":8,"minecraft:slime_ball":10,"minecraft:gray_wool":1,"tombstone:magic_scroll":5,"minecraft:baked_potato":7,"minecraft:coal":499},"minecraft:killed":{"alexsmobs:lobster":2,"minecraft:witch":1,"minecraft:spider":16,"minecraft:skeleton":36,"minecraft:chicken":3,"minecraft:silverfish":4,"alexsmobs:skelewag":4,"minecraft:pig":2,"minecraft:zombie_villager":1,"alexsmobs:seal":1,"minecraft:creeper":7,"minecraft:sheep":14,"minecraft:pillager":11,"minecraft:zombie":67,"cataclysm:deepling":1,"alexsmobs:fly":1,"minecraft:cow":8,"mowziesmobs:naga":1,"alexsmobs:tasmanian_devil":1,"minecraft:slime":6,"minecraft:horse":7,"alexsmobs:bison":10,"alexsmobs:flying_fish":2,"cataclysm:deepling_angler":1,"alexsmobs:crow":2,"minecraft:enderman":1},"minecraft:killed_by":{"cataclysm:deepling_angler":1,"minecraft:pillager":1,"cataclysm:deepling":1,"alexsmobs:giant_squid":1,"alexsmobs:skelewag":4,"alexsmobs:bison":1,"minecraft:skeleton":1},"minecraft:broken":{"aether:golden_gloves":1,"minecraft:iron_shovel":1,"minecraft:iron_boots":1,"minecraft:iron_chestplate":1,"minecraft:iron_leggings":1,"minecraft:stone_pickaxe":4,"minecraft:stone_axe":1,"minecraft:iron_sword":1,"minecraft:stone_sword":1,"minecraft:shield":2,"minecraft:iron_axe":1,"minecraft:iron_pickaxe":9,"minecraft:iron_helmet":1},"minecraft:dropped":{"minecraft:dirt":1,"minecraft:seagrass":2,"minecraft:amethyst_shard":4,"minecraft:bone":12,"minecraft:cobbled_deepslate":6,"minecraft:rotten_flesh":21,"minecraft:cooked_mutton":2,"minecraft:basalt":3,"minecraft:arrow":14,"minecraft:cobblestone":6,"minecraft:granite":27,"bygonenether:cobbled_blackstone":1,"minecraft:diorite":1,"minecraft:ink_sac":8,"tombstone:grave_dust":9,"minecraft:iron_axe":1,"minecraft:string":7,"minecraft:spruce_fence":1,"minecraft:lily_of_the_valley":1,"minecraft:spruce_boat":1,"minecraft:spruce_planks":1,"minecraft:andesite":26,"minecraft:oak_boat":2,"minecraft:spider_eye":3,"minecraft:slime_ball":4,"minecraft:raw_gold":9,"minecraft:red_tulip":2,"minecraft:calcite":1},"minecraft:mined":{"minecraft:dark_oak_planks":1,"minecraft:spruce_planks":13,"minecraft:white_bed":3,"farmersdelight:rich_soil":3,"minecraft:black_terracotta":1,"minecraft:sculk_vein":1,"minecraft:brewing_stand":1,"minecraft:granite":61,"minecraft:grass_block":30,"minecraft:coal_block":18,"minecraft:spawner":3,"minecraft:magma_block":2,"minecraft:iron_ore":185,"minecraft:barrel":12,"minecraft:pumpkin":4,"minecraft:deepslate_lapis_ore":5,"minecraft:dark_oak_stairs":1,"minecraft:potted_cornflower":2,"minecraft:player_head":2,"minecraft:orange_bed":1,"minecraft:deepslate_redstone_ore":52,"minecraft:blackstone":1,"minecraft:amethyst_cluster":1,"minecraft:torch":2,"minecraft:note_block":1,"minecraft:blast_furnace":1,"minecraft:calcite":2,"minecraft:chest":21,"farmersdelight:cabbages":32,"minecraft:glass":1,"minecraft:cobblestone":12,"minecraft:grindstone":1,"minecraft:oak_planks":6,"minecraft:wall_torch":8,"minecraft:amethyst_block":2,"minecraft:seagrass":1,"minecraft:dark_oak_slab":1,"minecraft:birch_log":18,"minecraft:jukebox":2,"minecraft:grass":11,"minecraft:oak_log":66,"minecraft:sand":389,"minecraft:dirt":53,"minecraft:smooth_basalt":2,"minecraft:dispenser":2,"minecraft:stonecutter":1,"minecraft:potted_red_tulip":1,"minecraft:oak_leaves":14,"minecraft:deepslate":320,"minecraft:tuff":1,"farmersdelight:onions":12,"minecraft:deepslate_diamond_ore":66,"farmersdelight:wild_carrots":13,"minecraft:spruce_fence":1,"minecraft:jungle_planks":6,"minecraft:spruce_leaves":5,"minecraft:hay_block":8,"minecraft:redstone_ore":5,"minecraft:spruce_sapling":1,"minecraft:furnace":2,"minecraft:carrots":90,"minecraft:andesite":80,"minecraft:stripped_spruce_log":4,"minecraft:white_glazed_terracotta":8,"minecraft:bookshelf":85,"minecraft:potatoes":67,"farmersdelight:rope":5,"minecraft:deepslate_iron_ore":51,"minecraft:rail":2,"minecraft:stone":1763,"ad_astra:sky_stone":4,"minecraft:smithing_table":1,"minecraft:potted_lily_of_the_valley":1,"minecraft:basalt":3,"minecraft:crafting_table":27,"minecraft:emerald_ore":8,"minecraft:tall_grass":4,"minecraft:copper_ore":20,"minecraft:lapis_ore":11,"minecraft:deepslate_gold_ore":91,"minecraft:sculk":5,"minecraft:diorite":38,"minecraft:spruce_log":186,"minecraft:coal_ore":390,"minecraft:flower_pot":1,"minecraft:gravel":3,"minecraft:cobweb":8,"minecraft:chipped_anvil":1,"minecraft:gold_ore":29}},"DataVersion":3120}