{"stats":{"minecraft:broken":{"aether:golden_gloves":1,"minecraft:iron_shovel":1,"minecraft:stone_sword":1,"minecraft:iron_boots":1,"minecraft:iron_leggings":1,"minecraft:stone_pickaxe":4,"minecraft:shield":1,"minecraft:stone_axe":1,"minecraft:iron_sword":1,"minecraft:iron_pickaxe":6,"minecraft:iron_helmet":1},"minecraft:killed_by":{"alexsmobs:skelewag":4,"cataclysm:deepling_angler":1,"alexsmobs:bison":1,"cataclysm:deepling":1,"minecraft:skeleton":1},"minecraft:killed":{"alexsmobs:lobster":2,"minecraft:witch":1,"minecraft:spider":16,"alexsmobs:tasmanian_devil":1,"minecraft:slime":6,"minecraft:skeleton":31,"minecraft:horse":7,"minecraft:chicken":3,"alexsmobs:bison":2,"alexsmobs:skelewag":2,"alexsmobs:flying_fish":2,"cataclysm:deepling_angler":1,"minecraft:zombie_villager":1,"alexsmobs:seal":1,"minecraft:creeper":6,"minecraft:sheep":14,"minecraft:zombie":66,"alexsmobs:fly":1,"alexsmobs:crow":1,"minecraft:enderman":1,"minecraft:cow":8},"minecraft:custom":{"minecraft:mob_kills":176,"minecraft:animals_bred":5,"minecraft:interact_with_crafting_table":46,"minecraft:leave_game":18,"minecraft:time_since_death":0,"minecraft:sprint_one_cm":473070,"minecraft:walk_one_cm":1093730,"minecraft:damage_blocked_by_shield":3330,"minecraft:drop":39,"minecraft:play_time":402009,"minecraft:sneak_time":7735,"minecraft:deaths":10,"minecraft:walk_under_water_one_cm":108239,"minecraft:boat_one_cm":1088974,"minecraft:jump":3410,"minecraft:interact_with_blast_furnace":24,"minecraft:walk_on_water_one_cm":72631,"minecraft:total_world_time":402009,"minecraft:interact_with_furnace":38,"tombstone:raider_killed":1,"minecraft:sleep_in_bed":7,"minecraft:time_since_rest":15,"minecraft:damage_taken":6229,"minecraft:damage_dealt":32533,"minecraft:swim_one_cm":77747,"minecraft:fly_one_cm":473725,"minecraft:open_chest":133,"minecraft:crouch_one_cm":11876,"tombstone:undead_killed":100,"minecraft:interact_with_smoker":12,"minecraft:fall_one_cm":50811,"minecraft:inspect_dispenser":1},"minecraft:picked_up":{"minecraft:fishing_rod":1,"minecraft:seagrass":2,"minecraft:crafting_table":16,"minecraft:chicken":3,"minecraft:prismarine_shard":1,"minecraft:lead":2,"minecraft:enchanted_book":1,"ad_astra:sky_stone":5,"minecraft:string":29,"minecraft:raw_copper":46,"minecraft:gold_nugget":3,"minecraft:cobbled_deepslate":294,"farmersdelight:cabbage":1,"minecraft:spruce_planks":2,"minecraft:beef":29,"minecraft:oak_boat":9,"minecraft:calcite":1,"minecraft:iron_nugget":4,"minecraft:coal_block":28,"minecraft:chest":2,"minecraft:birch_sapling":1,"alexsmobs:skelewag_sword":1,"farmersdelight:cabbage_seeds":4,"minecraft:furnace":3,"minecraft:egg":4,"minecraft:stick":17,"minecraft:raw_iron":238,"bygonenether:cobbled_blackstone":1,"minecraft:oak_fence":4,"minecraft:torch":20,"tombstone:grave_dust":11,"minecraft:diorite":34,"minecraft:carrot":17,"minecraft:redstone":256,"minecraft:arrow":37,"minecraft:rotten_flesh":84,"minecraft:mutton":21,"minecraft:rail":2,"minecraft:white_wool":12,"minecraft:cobblestone":650,"minecraft:birch_log":11,"minecraft:magma_block":2,"minecraft:cooked_beef":1,"minecraft:feather":2,"minecraft:basalt":3,"minecraft:andesite":80,"minecraft:brown_wool":1,"minecraft:leather":20,"minecraft:potato":15,"alexsmobs:bison_fur":1,"minecraft:flint":1,"minecraft:tuff":4,"minecraft:oak_log":65,"minecraft:gunpowder":6,"minecraft:lapis_lazuli":98,"farmersdelight:tomato":4,"minecraft:dirt":66,"tombstone:gift":1,"minecraft:bone":38,"minecraft:apple":1,"minecraft:bow":2,"minecraft:raw_gold":128,"minecraft:iron_ingot":5,"alexsmobs:blobfish":1,"minecraft:oak_planks":11,"alexsmobs:fish_bones":2,"minecraft:gravel":5,"minecraft:sand":384,"minecraft:amethyst_shard":8,"minecraft:blast_furnace":1,"minecraft:spruce_sapling":10,"sophisticatedbackpacks:iron_backpack":1,"minecraft:ink_sac":26,"minecraft:white_bed":2,"minecraft:spruce_log":80,"minecraft:spider_eye":8,"minecraft:bundle":1,"minecraft:slime_ball":10,"minecraft:diamond":66,"minecraft:spruce_boat":1,"minecraft:granite":43,"minecraft:gray_wool":1,"minecraft:emerald":15,"tombstone:magic_scroll":5,"minecraft:oak_sapling":3,"minecraft:coal":489},"minecraft:used":{"minecraft:oak_fence":26,"minecraft:stone_sword":123,"minecraft:iron_shovel":460,"minecraft:flint_and_steel":2,"farmersdelight:cabbage_seeds":13,"minecraft:chest":29,"minecraft:shield":163,"minecraft:stone":9,"minecraft:iron_sword":340,"minecraft:cooked_chicken":3,"minecraft:stone_hoe":80,"minecraft:rotten_flesh":6,"minecraft:torch":417,"minecraft:dirt":96,"minecraft:spruce_stairs":12,"minecraft:carrot":40,"minecraft:tuff":4,"minecraft:granite":1,"minecraft:oak_fence_gate":2,"minecraft:glass":102,"minecraft:spruce_boat":1,"minecraft:wooden_axe":13,"minecraft:iron_axe":172,"minecraft:grass_block":1,"minecraft:item_frame":11,"minecraft:magma_block":1,"minecraft:furnace":3,"tombstone:gift":5,"minecraft:egg":1,"minecraft:potato":36,"minecraft:cooked_beef":25,"farmersdelight:tomato_seeds":20,"minecraft:cobbled_deepslate":18,"alexsmobs:blobfish":1,"minecraft:cooked_mutton":12,"minecraft:water_bucket":7,"minecraft:diorite":1,"minecraft:baked_potato":3,"minecraft:stone_pickaxe":525,"minecraft:oak_planks":13,"minecraft:wooden_pickaxe":20,"minecraft:tnt":2,"minecraft:crafting_table":24,"minecraft:birch_sign":1,"minecraft:blast_furnace":2,"minecraft:white_bed":3,"minecraft:smoker":2,"minecraft:bread":1,"minecraft:iron_pickaxe":1585,"minecraft:pig_spawn_egg":10,"tombstone:magic_scroll":1,"minecraft:gravel":2,"minecraft:spruce_sapling":12,"minecraft:stone_axe":106,"minecraft:cobblestone":35,"minecraft:bucket":4,"minecraft:oak_boat":13,"alexsmobs:animal_dictionary":3},"minecraft:dropped":{"minecraft:cobblestone":6,"minecraft:granite":27,"bygonenether:cobbled_blackstone":1,"minecraft:diorite":1,"minecraft:ink_sac":6,"minecraft:seagrass":2,"tombstone:grave_dust":9,"minecraft:amethyst_shard":4,"minecraft:iron_axe":1,"minecraft:string":7,"minecraft:bone":12,"minecraft:cobbled_deepslate":6,"minecraft:rotten_flesh":21,"minecraft:cooked_mutton":2,"minecraft:spruce_boat":1,"minecraft:spruce_planks":1,"minecraft:andesite":26,"minecraft:oak_boat":2,"minecraft:spider_eye":3,"minecraft:slime_ball":4,"minecraft:basalt":3,"minecraft:arrow":14,"minecraft:raw_gold":9,"minecraft:calcite":1},"minecraft:crafted":{"minecraft:wooden_sword":1,"minecraft:smooth_stone":3,"minecraft:oak_planks":120,"minecraft:coal":420,"minecraft:cooked_chicken":3,"minecraft:furnace":4,"minecraft:blast_furnace":1,"minecraft:stone":3,"minecraft:cooked_mutton":14,"minecraft:glass":167,"minecraft:bow":1,"minecraft:iron_boots":1,"minecraft:iron_axe":2,"minecraft:stone_pickaxe":4,"minecraft:chest":1,"minecraft:spruce_boat":1,"minecraft:birch_sign":3,"minecraft:smoker":2,"minecraft:cooked_beef":29,"minecraft:coal_block":29,"minecraft:item_frame":11,"minecraft:crafting_table":3,"minecraft:spruce_planks":44,"minecraft:baked_potato":3,"minecraft:iron_helmet":1,"minecraft:wooden_pickaxe":1,"minecraft:iron_sword":2,"minecraft:copper_ingot":46,"minecraft:birch_planks":44,"minecraft:stone_axe":1,"minecraft:air":0,"minecraft:oak_boat":7,"minecraft:iron_chestplate":1,"minecraft:shield":2,"minecraft:stick":204,"minecraft:iron_ingot":75,"minecraft:iron_pickaxe":7,"minecraft:wooden_axe":1,"minecraft:stone_sword":1,"minecraft:iron_shovel":2,"minecraft:iron_leggings":1,"minecraft:gold_ingot":88,"minecraft:white_bed":1,"minecraft:torch":368},"minecraft:mined":{"minecraft:tuff":1,"minecraft:white_bed":2,"minecraft:deepslate_diamond_ore":66,"minecraft:sculk_vein":1,"farmersdelight:wild_carrots":13,"minecraft:granite":59,"minecraft:grass_block":29,"minecraft:coal_block":18,"minecraft:spruce_leaves":5,"minecraft:redstone_ore":5,"minecraft:magma_block":2,"minecraft:carrots":1,"minecraft:furnace":2,"minecraft:iron_ore":185,"minecraft:andesite":80,"minecraft:deepslate_lapis_ore":5,"minecraft:potatoes":4,"minecraft:deepslate_iron_ore":51,"minecraft:rail":2,"minecraft:stone":671,"ad_astra:sky_stone":4,"minecraft:deepslate_redstone_ore":52,"minecraft:blackstone":1,"minecraft:amethyst_cluster":1,"minecraft:basalt":3,"minecraft:crafting_table":16,"minecraft:torch":1,"minecraft:blast_furnace":1,"minecraft:emerald_ore":1,"minecraft:calcite":2,"minecraft:chest":3,"minecraft:copper_ore":11,"farmersdelight:cabbages":2,"minecraft:tall_grass":4,"minecraft:cobblestone":11,"minecraft:deepslate_gold_ore":91,"minecraft:lapis_ore":11,"minecraft:oak_planks":6,"minecraft:sculk":5,"minecraft:diorite":38,"minecraft:wall_torch":4,"minecraft:amethyst_block":2,"minecraft:seagrass":1,"minecraft:birch_log":11,"minecraft:spruce_log":80,"minecraft:grass":11,"minecraft:oak_log":65,"minecraft:coal_ore":389,"minecraft:gravel":3,"minecraft:sand":389,"minecraft:dirt":53,"minecraft:cobweb":8,"minecraft:smooth_basalt":2,"minecraft:gold_ore":29,"minecraft:oak_leaves":14,"minecraft:deepslate":320}},"DataVersion":3120}