{"stats":{"minecraft:broken":{"minecraft:iron_shovel":1,"minecraft:stone_sword":1,"minecraft:stone_pickaxe":4,"minecraft:shield":1,"minecraft:iron_pickaxe":2},"minecraft:picked_up":{"minecraft:seagrass":2,"minecraft:crafting_table":11,"minecraft:chicken":3,"minecraft:prismarine_shard":1,"ad_astra:sky_stone":5,"minecraft:string":13,"minecraft:raw_copper":29,"minecraft:cobbled_deepslate":17,"minecraft:spruce_planks":2,"minecraft:beef":29,"minecraft:oak_boat":5,"minecraft:coal_block":28,"minecraft:chest":2,"minecraft:furnace":3,"minecraft:egg":4,"minecraft:stick":4,"minecraft:raw_iron":76,"bygonenether:cobbled_blackstone":1,"minecraft:oak_fence":4,"minecraft:torch":13,"tombstone:grave_dust":4,"minecraft:carrot":13,"minecraft:arrow":2,"minecraft:rotten_flesh":28,"minecraft:mutton":21,"minecraft:cobblestone":534,"minecraft:rail":2,"minecraft:white_wool":12,"minecraft:magma_block":2,"minecraft:basalt":3,"minecraft:feather":2,"minecraft:cooked_beef":1,"minecraft:andesite":54,"minecraft:brown_wool":1,"minecraft:leather":20,"minecraft:potato":1,"alexsmobs:bison_fur":1,"minecraft:oak_log":32,"minecraft:gunpowder":4,"minecraft:lapis_lazuli":7,"minecraft:dirt":66,"minecraft:bone":4,"minecraft:bow":1,"minecraft:raw_gold":11,"minecraft:iron_ingot":3,"minecraft:oak_planks":11,"minecraft:gravel":5,"minecraft:sand":384,"minecraft:blast_furnace":1,"minecraft:ink_sac":4,"minecraft:white_bed":2,"minecraft:spruce_log":30,"minecraft:spider_eye":1,"minecraft:granite":16,"minecraft:gray_wool":1,"tombstone:magic_scroll":2,"minecraft:coal":447},"minecraft:killed_by":{"alexsmobs:bison":1,"minecraft:skeleton":1},"minecraft:mined":{"minecraft:white_bed":2,"farmersdelight:wild_carrots":13,"minecraft:granite":30,"minecraft:grass_block":29,"minecraft:coal_block":18,"minecraft:magma_block":2,"minecraft:furnace":2,"minecraft:iron_ore":76,"minecraft:andesite":53,"minecraft:rail":2,"minecraft:stone":561,"ad_astra:sky_stone":4,"minecraft:blackstone":1,"minecraft:basalt":3,"minecraft:crafting_table":11,"minecraft:blast_furnace":1,"minecraft:chest":2,"minecraft:tall_grass":4,"minecraft:copper_ore":7,"minecraft:cobblestone":10,"minecraft:lapis_ore":1,"minecraft:oak_planks":6,"minecraft:diorite":2,"minecraft:wall_torch":3,"minecraft:seagrass":1,"minecraft:spruce_log":31,"minecraft:grass":11,"minecraft:oak_log":32,"minecraft:coal_ore":347,"minecraft:gravel":2,"minecraft:sand":389,"minecraft:dirt":53,"minecraft:cobweb":8,"minecraft:gold_ore":11,"minecraft:oak_leaves":8,"minecraft:deepslate":17},"minecraft:crafted":{"minecraft:wooden_sword":1,"minecraft:oak_planks":88,"minecraft:smooth_stone":3,"minecraft:coal":420,"minecraft:cooked_chicken":1,"minecraft:furnace":3,"minecraft:blast_furnace":1,"minecraft:stone":3,"minecraft:cooked_mutton":7,"minecraft:glass":103,"minecraft:iron_boots":1,"minecraft:stone_pickaxe":4,"minecraft:chest":1,"minecraft:smoker":1,"minecraft:cooked_beef":21,"minecraft:coal_block":29,"minecraft:item_frame":11,"minecraft:crafting_table":3,"minecraft:spruce_planks":28,"minecraft:wooden_pickaxe":1,"minecraft:iron_helmet":1,"minecraft:iron_sword":1,"minecraft:stone_axe":1,"minecraft:air":0,"minecraft:oak_boat":1,"minecraft:iron_chestplate":1,"minecraft:shield":2,"minecraft:stick":132,"minecraft:iron_ingot":75,"minecraft:iron_pickaxe":3,"minecraft:wooden_axe":1,"minecraft:stone_sword":1,"minecraft:iron_leggings":1,"minecraft:iron_shovel":2,"minecraft:gold_ingot":6,"minecraft:white_bed":1,"minecraft:torch":76},"minecraft:custom":{"minecraft:mob_kills":71,"minecraft:interact_with_crafting_table":36,"minecraft:leave_game":12,"minecraft:time_since_death":154069,"minecraft:sprint_one_cm":268658,"minecraft:walk_one_cm":663075,"minecraft:damage_blocked_by_shield":830,"minecraft:drop":9,"minecraft:play_time":236419,"minecraft:deaths":2,"minecraft:sneak_time":4213,"minecraft:walk_under_water_one_cm":34859,"minecraft:boat_one_cm":582334,"minecraft:jump":1877,"minecraft:interact_with_blast_furnace":15,"minecraft:walk_on_water_one_cm":31676,"minecraft:total_world_time":236419,"minecraft:interact_with_furnace":37,"minecraft:sleep_in_bed":5,"minecraft:time_since_rest":9573,"minecraft:damage_taken":2195,"minecraft:damage_dealt":13514,"minecraft:swim_one_cm":23598,"minecraft:fly_one_cm":326200,"minecraft:open_chest":48,"minecraft:crouch_one_cm":7707,"tombstone:undead_killed":29,"minecraft:interact_with_smoker":7,"minecraft:fall_one_cm":24421,"minecraft:inspect_dispenser":1},"minecraft:used":{"minecraft:oak_fence":26,"minecraft:stone_sword":123,"minecraft:iron_shovel":460,"minecraft:flint_and_steel":2,"farmersdelight:cabbage_seeds":9,"minecraft:chest":29,"minecraft:shield":66,"minecraft:stone":9,"minecraft:iron_sword":113,"minecraft:cooked_chicken":1,"minecraft:stone_hoe":80,"minecraft:torch":112,"minecraft:dirt":96,"minecraft:spruce_stairs":12,"minecraft:carrot":39,"minecraft:granite":1,"minecraft:oak_fence_gate":2,"minecraft:glass":102,"minecraft:wooden_axe":13,"minecraft:grass_block":1,"minecraft:item_frame":11,"minecraft:magma_block":1,"minecraft:furnace":3,"tombstone:gift":1,"minecraft:egg":1,"minecraft:cooked_beef":14,"minecraft:potato":32,"farmersdelight:tomato_seeds":20,"minecraft:cooked_mutton":5,"minecraft:water_bucket":3,"minecraft:stone_pickaxe":525,"minecraft:oak_planks":13,"minecraft:wooden_pickaxe":20,"minecraft:tnt":2,"minecraft:crafting_table":19,"minecraft:blast_furnace":2,"minecraft:white_bed":3,"minecraft:smoker":1,"minecraft:bread":1,"minecraft:iron_pickaxe":614,"minecraft:pig_spawn_egg":10,"minecraft:spruce_sapling":4,"minecraft:gravel":2,"minecraft:stone_axe":92,"minecraft:cobblestone":20,"minecraft:oak_boat":3,"alexsmobs:animal_dictionary":3},"minecraft:killed":{"minecraft:spider":3,"alexsmobs:tasmanian_devil":1,"minecraft:skeleton":6,"minecraft:horse":7,"minecraft:chicken":3,"alexsmobs:bison":2,"minecraft:zombie_villager":1,"alexsmobs:seal":1,"minecraft:creeper":3,"minecraft:sheep":14,"minecraft:zombie":22,"alexsmobs:fly":1,"alexsmobs:crow":1,"minecraft:cow":8},"minecraft:dropped":{"minecraft:cobblestone":6,"bygonenether:cobbled_blackstone":1,"minecraft:seagrass":2,"tombstone:grave_dust":3,"minecraft:cooked_mutton":2,"minecraft:oak_boat":2,"minecraft:basalt":3}},"DataVersion":3120}