{"stats":{"minecraft:broken":{"aether:golden_gloves":1,"minecraft:iron_shovel":1,"minecraft:iron_boots":1,"minecraft:iron_chestplate":1,"minecraft:iron_leggings":1,"minecraft:stone_pickaxe":4,"minecraft:stone_axe":1,"minecraft:iron_sword":1,"minecraft:stone_sword":1,"minecraft:shield":2,"minecraft:iron_axe":1,"minecraft:iron_pickaxe":8,"minecraft:iron_helmet":1},"minecraft:killed_by":{"cataclysm:deepling_angler":1,"minecraft:pillager":1,"cataclysm:deepling":1,"alexsmobs:giant_squid":1,"alexsmobs:skelewag":4,"alexsmobs:bison":1,"minecraft:skeleton":1},"minecraft:custom":{"minecraft:animals_bred":33,"minecraft:interact_with_crafting_table":66,"minecraft:open_barrel":1,"minecraft:leave_game":25,"minecraft:time_since_death":39031,"minecraft:sprint_one_cm":623011,"minecraft:damage_blocked_by_shield":4588,"minecraft:drop":45,"minecraft:play_noteblock":1,"minecraft:talked_to_villager":5,"minecraft:play_time":556622,"minecraft:deaths":13,"minecraft:jump":4202,"minecraft:walk_on_water_one_cm":96472,"minecraft:interact_with_furnace":50,"minecraft:sleep_in_bed":15,"minecraft:damage_dealt":38152,"minecraft:crouch_one_cm":17057,"tombstone:undead_killed":102,"minecraft:interact_with_smoker":31,"minecraft:inspect_dispenser":2,"minecraft:mob_kills":197,"minecraft:climb_one_cm":83308,"minecraft:walk_one_cm":1461111,"minecraft:sneak_time":10491,"minecraft:walk_under_water_one_cm":254408,"minecraft:boat_one_cm":1953390,"minecraft:interact_with_blast_furnace":42,"minecraft:total_world_time":556622,"tombstone:raider_killed":12,"minecraft:interact_with_stonecutter":1,"minecraft:time_since_rest":12083,"minecraft:damage_taken":8382,"minecraft:swim_one_cm":176359,"minecraft:fly_one_cm":556722,"minecraft:open_chest":279,"minecraft:fall_one_cm":62470},"minecraft:killed":{"alexsmobs:lobster":2,"minecraft:witch":1,"minecraft:spider":16,"minecraft:skeleton":31,"minecraft:chicken":3,"alexsmobs:skelewag":4,"minecraft:zombie_villager":1,"alexsmobs:seal":1,"minecraft:creeper":6,"minecraft:sheep":14,"minecraft:pillager":11,"minecraft:zombie":66,"cataclysm:deepling":1,"alexsmobs:fly":1,"minecraft:cow":8,"alexsmobs:tasmanian_devil":1,"minecraft:slime":6,"minecraft:horse":7,"alexsmobs:bison":8,"alexsmobs:flying_fish":2,"cataclysm:deepling_angler":1,"alexsmobs:crow":1,"minecraft:enderman":1},"minecraft:picked_up":{"minecraft:seagrass":2,"minecraft:iron_chestplate":1,"minecraft:wheat":18,"minecraft:suspicious_stew":3,"minecraft:prismarine_shard":1,"minecraft:flower_pot":4,"minecraft:smithing_table":1,"minecraft:lead":6,"aether:iron_gloves":1,"minecraft:enchanted_book":1,"minecraft:brewing_stand":1,"minecraft:string":29,"minecraft:raw_copper":46,"minecraft:iron_leggings":4,"minecraft:pufferfish":1,"minecraft:purple_banner":1,"minecraft:gold_nugget":3,"minecraft:cobbled_deepslate":294,"farmersdelight:cabbage":22,"minecraft:spruce_planks":8,"minecraft:calcite":1,"minecraft:iron_pickaxe":3,"minecraft:coal_block":28,"farmersdelight:cabbage_seeds":75,"minecraft:iron_boots":3,"minecraft:furnace":3,"minecraft:white_glazed_terracotta":8,"minecraft:stick":23,"minecraft:jukebox":2,"farmersdelight:rotten_tomato":2,"minecraft:oak_fence":4,"minecraft:torch":22,"minecraft:porkchop":2,"tombstone:grave_dust":11,"minecraft:diorite":34,"minecraft:orange_bed":1,"minecraft:honey_bottle":4,"minecraft:rotten_flesh":104,"minecraft:tropical_fish":3,"farmersdelight:onion":20,"minecraft:red_tulip":1,"farmersdelight:rope":27,"minecraft:obsidian":10,"minecraft:cobblestone":1145,"minecraft:birch_log":11,"minecraft:magma_block":2,"minecraft:feather":11,"minecraft:cooked_beef":1,"farmersdelight:rice":3,"minecraft:water_bucket":1,"minecraft:andesite":80,"minecraft:brown_wool":1,"minecraft:potato":162,"alexsmobs:bison_fur":10,"minecraft:flint":10,"minecraft:tuff":4,"minecraft:map":3,"minecraft:lapis_lazuli":98,"farmersdelight:tomato":62,"minecraft:dirt":67,"minecraft:bone":44,"minecraft:chipped_anvil":1,"minecraft:stonecutter":1,"minecraft:bow":2,"minecraft:raw_gold":128,"minecraft:grindstone":1,"minecraft:moss_block":5,"alexsmobs:blobfish":2,"minecraft:oak_planks":11,"minecraft:jungle_planks":3,"minecraft:sand":384,"minecraft:stripped_spruce_log":4,"sophisticatedbackpacks:iron_backpack":1,"minecraft:ink_sac":77,"securitycraft:reinforced_stone":1,"minecraft:lily_of_the_valley":1,"minecraft:barrel":14,"minecraft:bundle":1,"minecraft:dispenser":1,"minecraft:diamond":69,"minecraft:spruce_boat":1,"minecraft:granite":43,"minecraft:emerald":30,"minecraft:bread":15,"minecraft:oak_sapling":3,"minecraft:fishing_rod":1,"minecraft:crafting_table":27,"minecraft:chicken":3,"ad_astra:sky_stone":5,"minecraft:cornflower":2,"minecraft:flint_and_steel":5,"minecraft:beef":74,"minecraft:oak_boat":29,"minecraft:iron_nugget":4,"minecraft:chest":18,"minecraft:birch_sapling":1,"alexsmobs:skelewag_sword":2,"minecraft:egg":7,"minecraft:raw_iron":238,"bygonenether:cobbled_blackstone":1,"minecraft:spruce_fence":1,"minecraft:note_block":1,"farmersdelight:tomato_seeds":4,"minecraft:carrot":266,"minecraft:redstone":262,"minecraft:iron_horse_armor":1,"minecraft:tnt":6,"minecraft:arrow":37,"minecraft:hay_block":8,"minecraft:saddle":1,"minecraft:gold_ingot":13,"minecraft:mutton":26,"minecraft:white_wool":12,"minecraft:skeleton_skull":3,"minecraft:rail":2,"securitycraft:reinforced_diamond_block":2,"minecraft:basalt":3,"minecraft:glow_ink_sac":2,"minecraft:leather":20,"aquamirae:spinefish":1,"alexsmobs:cachalot_whale_tooth":1,"minecraft:oak_log":65,"minecraft:gunpowder":43,"securitycraft:reinforced_glass":8,"minecraft:paper":41,"tombstone:gift":1,"minecraft:apple":7,"minecraft:spruce_wood":25,"minecraft:iron_ingot":27,"minecraft:cobweb":3,"minecraft:iron_sword":2,"minecraft:book":256,"minecraft:pumpkin":3,"alexsmobs:fish_bones":3,"minecraft:gravel":5,"minecraft:amethyst_shard":8,"minecraft:spruce_sapling":12,"minecraft:blast_furnace":1,"minecraft:white_bed":2,"minecraft:spruce_log":186,"minecraft:spider_eye":8,"minecraft:slime_ball":10,"minecraft:gray_wool":1,"tombstone:magic_scroll":5,"minecraft:baked_potato":7,"minecraft:coal":498},"minecraft:used":{"minecraft:iron_shovel":460,"farmersdelight:cabbage_seeds":39,"minecraft:ladder":147,"minecraft:chest":30,"minecraft:shield":193,"minecraft:stone":15,"minecraft:iron_sword":393,"minecraft:rotten_flesh":6,"minecraft:carrot":96,"minecraft:tuff":4,"minecraft:spruce_boat":1,"minecraft:glass":110,"minecraft:grass_block":1,"minecraft:item_frame":11,"minecraft:magma_block":1,"minecraft:furnace":3,"minecraft:skeleton_skull":1,"minecraft:egg":1,"minecraft:potato":63,"minecraft:diorite":1,"minecraft:stone_pickaxe":525,"minecraft:oak_planks":13,"minecraft:wooden_pickaxe":20,"minecraft:blast_furnace":2,"securitycraft:universal_block_remover":11,"minecraft:bread":6,"minecraft:gravel":2,"minecraft:oak_boat":34,"minecraft:oak_fence":26,"minecraft:stone_sword":123,"minecraft:flint_and_steel":2,"minecraft:spruce_planks":84,"minecraft:stone_hoe":87,"minecraft:cooked_chicken":3,"minecraft:torch":432,"minecraft:dirt":96,"minecraft:spruce_stairs":12,"securitycraft:reinforced_stone":1,"minecraft:granite":1,"minecraft:oak_fence_gate":2,"farmersdelight:rope":5,"minecraft:wooden_axe":13,"minecraft:iron_axe":525,"tombstone:gift":6,"minecraft:cooked_beef":25,"farmersdelight:tomato_seeds":20,"minecraft:cobbled_deepslate":18,"alexsmobs:blobfish":1,"minecraft:cooked_mutton":12,"minecraft:water_bucket":7,"minecraft:baked_potato":16,"farmersdelight:onion":8,"minecraft:diamond_block":2,"minecraft:tnt":2,"minecraft:crafting_table":37,"minecraft:birch_sign":1,"minecraft:white_bed":3,"minecraft:spruce_log":91,"minecraft:smoker":2,"minecraft:iron_pickaxe":2106,"minecraft:pig_spawn_egg":10,"tombstone:magic_scroll":1,"minecraft:spruce_sapling":12,"minecraft:stone_axe":106,"minecraft:cobblestone":238,"minecraft:bucket":4,"alexsmobs:animal_dictionary":3},"minecraft:dropped":{"minecraft:dirt":1,"minecraft:seagrass":2,"minecraft:amethyst_shard":4,"minecraft:bone":12,"minecraft:cobbled_deepslate":6,"minecraft:rotten_flesh":21,"minecraft:cooked_mutton":2,"minecraft:basalt":3,"minecraft:arrow":14,"minecraft:cobblestone":6,"minecraft:granite":27,"bygonenether:cobbled_blackstone":1,"minecraft:diorite":1,"minecraft:ink_sac":8,"tombstone:grave_dust":9,"minecraft:iron_axe":1,"minecraft:string":7,"minecraft:spruce_fence":1,"minecraft:lily_of_the_valley":1,"minecraft:spruce_boat":1,"minecraft:spruce_planks":1,"minecraft:andesite":26,"minecraft:oak_boat":2,"minecraft:spider_eye":3,"minecraft:slime_ball":4,"minecraft:raw_gold":9,"minecraft:red_tulip":1,"minecraft:calcite":1},"minecraft:crafted":{"securitycraft:reinforced_black_stained_glass":8,"minecraft:black_dye":1,"minecraft:oak_planks":120,"minecraft:smooth_stone":3,"minecraft:cooked_chicken":3,"minecraft:stone":101,"minecraft:cooked_mutton":19,"securitycraft:laser_block":1,"minecraft:glass":167,"minecraft:bow":1,"minecraft:iron_boots":2,"minecraft:chest":1,"minecraft:stone_hoe":1,"minecraft:smoker":2,"minecraft:item_frame":11,"minecraft:cooked_porkchop":2,"minecraft:crafting_table":5,"minecraft:spruce_planks":316,"minecraft:iron_helmet":2,"minecraft:baked_potato":133,"minecraft:wooden_pickaxe":1,"securitycraft:universal_block_reinforcer_lvl2":1,"minecraft:copper_ingot":46,"minecraft:birch_planks":44,"minecraft:iron_chestplate":2,"minecraft:shield":3,"minecraft:stick":592,"minecraft:iron_ingot":237,"minecraft:iron_pickaxe":9,"minecraft:stone_sword":1,"minecraft:gold_ingot":125,"minecraft:shears":1,"minecraft:wooden_sword":1,"minecraft:coal":420,"minecraft:furnace":4,"minecraft:blast_furnace":1,"minecraft:diamond_block":2,"minecraft:glass_pane":16,"minecraft:iron_axe":3,"minecraft:ladder":153,"securitycraft:universal_block_remover":1,"minecraft:stone_pickaxe":4,"minecraft:spruce_boat":1,"minecraft:redstone_block":1,"minecraft:birch_sign":3,"minecraft:cooked_beef":29,"minecraft:coal_block":29,"minecraft:iron_sword":2,"minecraft:stone_axe":1,"minecraft:air":0,"minecraft:oak_boat":7,"minecraft:wooden_axe":1,"minecraft:iron_shovel":2,"minecraft:iron_leggings":2,"minecraft:white_bed":1,"minecraft:torch":428},"minecraft:mined":{"minecraft:spruce_planks":6,"minecraft:white_bed":2,"minecraft:sculk_vein":1,"minecraft:brewing_stand":1,"minecraft:granite":59,"minecraft:grass_block":30,"minecraft:coal_block":18,"minecraft:magma_block":2,"minecraft:iron_ore":185,"minecraft:barrel":12,"minecraft:deepslate_lapis_ore":5,"minecraft:potted_cornflower":2,"minecraft:orange_bed":1,"minecraft:deepslate_redstone_ore":52,"minecraft:blackstone":1,"minecraft:amethyst_cluster":1,"minecraft:torch":1,"minecraft:note_block":1,"minecraft:blast_furnace":1,"minecraft:calcite":2,"minecraft:chest":20,"farmersdelight:cabbages":23,"minecraft:cobblestone":12,"minecraft:grindstone":1,"minecraft:oak_planks":6,"minecraft:wall_torch":5,"minecraft:amethyst_block":2,"minecraft:seagrass":1,"minecraft:birch_log":11,"minecraft:jukebox":2,"minecraft:grass":11,"minecraft:oak_log":65,"minecraft:sand":389,"minecraft:dirt":53,"minecraft:smooth_basalt":2,"minecraft:dispenser":2,"minecraft:stonecutter":1,"minecraft:potted_red_tulip":1,"minecraft:oak_leaves":14,"minecraft:deepslate":320,"minecraft:tuff":1,"farmersdelight:onions":4,"minecraft:deepslate_diamond_ore":66,"farmersdelight:wild_carrots":13,"minecraft:spruce_fence":1,"minecraft:jungle_planks":6,"minecraft:spruce_leaves":5,"minecraft:hay_block":8,"minecraft:redstone_ore":5,"minecraft:spruce_sapling":1,"minecraft:furnace":2,"minecraft:carrots":70,"minecraft:andesite":80,"minecraft:stripped_spruce_log":4,"minecraft:white_glazed_terracotta":8,"minecraft:bookshelf":85,"minecraft:potatoes":47,"farmersdelight:rope":5,"minecraft:deepslate_iron_ore":51,"minecraft:rail":2,"minecraft:stone":1169,"ad_astra:sky_stone":4,"minecraft:smithing_table":1,"minecraft:potted_lily_of_the_valley":1,"minecraft:basalt":3,"minecraft:crafting_table":27,"minecraft:emerald_ore":8,"minecraft:tall_grass":4,"minecraft:copper_ore":11,"minecraft:lapis_ore":11,"minecraft:deepslate_gold_ore":91,"minecraft:sculk":5,"minecraft:diorite":38,"minecraft:spruce_log":186,"minecraft:coal_ore":389,"minecraft:flower_pot":1,"minecraft:gravel":3,"minecraft:cobweb":8,"minecraft:chipped_anvil":1,"minecraft:gold_ore":29}},"DataVersion":3120}