{"stats":{"minecraft:picked_up":{"minecraft:fishing_rod":1,"minecraft:seagrass":2,"minecraft:crafting_table":16,"minecraft:wheat":15,"minecraft:chicken":3,"minecraft:prismarine_shard":1,"minecraft:suspicious_stew":3,"minecraft:lead":3,"minecraft:enchanted_book":1,"ad_astra:sky_stone":5,"minecraft:string":29,"minecraft:raw_copper":46,"minecraft:gold_nugget":3,"minecraft:cobbled_deepslate":294,"farmersdelight:cabbage":11,"minecraft:spruce_planks":8,"minecraft:beef":29,"minecraft:oak_boat":16,"minecraft:calcite":1,"minecraft:iron_nugget":4,"minecraft:coal_block":28,"minecraft:chest":7,"minecraft:birch_sapling":1,"alexsmobs:skelewag_sword":2,"farmersdelight:cabbage_seeds":42,"minecraft:furnace":3,"minecraft:egg":4,"minecraft:stick":17,"minecraft:raw_iron":238,"bygonenether:cobbled_blackstone":1,"farmersdelight:rotten_tomato":2,"minecraft:oak_fence":4,"minecraft:torch":21,"farmersdelight:tomato_seeds":4,"tombstone:grave_dust":11,"minecraft:diorite":34,"minecraft:carrot":77,"minecraft:redstone":256,"minecraft:arrow":37,"minecraft:rotten_flesh":103,"farmersdelight:onion":4,"farmersdelight:rope":22,"securitycraft:reinforced_diamond_block":2,"minecraft:mutton":21,"minecraft:rail":2,"minecraft:white_wool":12,"minecraft:cobblestone":832,"farmersdelight:rice":3,"minecraft:birch_log":11,"minecraft:magma_block":2,"minecraft:cooked_beef":1,"minecraft:feather":9,"minecraft:basalt":3,"minecraft:glow_ink_sac":2,"minecraft:andesite":80,"minecraft:brown_wool":1,"minecraft:leather":20,"minecraft:potato":74,"alexsmobs:bison_fur":1,"minecraft:flint":1,"minecraft:tuff":4,"minecraft:oak_log":65,"minecraft:gunpowder":9,"securitycraft:reinforced_glass":8,"minecraft:map":3,"minecraft:lapis_lazuli":98,"farmersdelight:tomato":47,"minecraft:dirt":66,"minecraft:paper":41,"tombstone:gift":1,"minecraft:bone":40,"minecraft:apple":1,"minecraft:bow":2,"minecraft:raw_gold":128,"minecraft:iron_ingot":5,"alexsmobs:blobfish":1,"minecraft:moss_block":5,"minecraft:oak_planks":11,"minecraft:book":3,"minecraft:pumpkin":3,"alexsmobs:fish_bones":3,"minecraft:gravel":5,"minecraft:sand":384,"minecraft:amethyst_shard":8,"sophisticatedbackpacks:iron_backpack":1,"minecraft:spruce_sapling":10,"minecraft:blast_furnace":1,"minecraft:ink_sac":49,"securitycraft:reinforced_stone":1,"minecraft:white_bed":2,"minecraft:spruce_log":110,"minecraft:spider_eye":8,"minecraft:bundle":1,"minecraft:slime_ball":10,"minecraft:diamond":66,"minecraft:spruce_boat":1,"minecraft:granite":43,"minecraft:gray_wool":1,"minecraft:emerald":15,"tombstone:magic_scroll":5,"minecraft:oak_sapling":3,"minecraft:coal":489},"minecraft:mined":{"minecraft:spruce_planks":6,"minecraft:tuff":1,"minecraft:white_bed":2,"minecraft:deepslate_diamond_ore":66,"minecraft:sculk_vein":1,"farmersdelight:wild_carrots":13,"minecraft:granite":59,"minecraft:grass_block":29,"minecraft:coal_block":18,"minecraft:spruce_leaves":5,"minecraft:redstone_ore":5,"minecraft:magma_block":2,"minecraft:carrots":18,"minecraft:furnace":2,"minecraft:iron_ore":185,"minecraft:andesite":80,"minecraft:deepslate_lapis_ore":5,"minecraft:potatoes":24,"minecraft:deepslate_iron_ore":51,"minecraft:rail":2,"minecraft:stone":853,"ad_astra:sky_stone":4,"minecraft:deepslate_redstone_ore":52,"minecraft:blackstone":1,"minecraft:amethyst_cluster":1,"minecraft:basalt":3,"minecraft:torch":1,"minecraft:crafting_table":16,"minecraft:blast_furnace":1,"minecraft:emerald_ore":1,"minecraft:calcite":2,"minecraft:chest":9,"minecraft:copper_ore":11,"farmersdelight:cabbages":12,"minecraft:tall_grass":4,"minecraft:cobblestone":11,"minecraft:deepslate_gold_ore":91,"minecraft:lapis_ore":11,"minecraft:oak_planks":6,"minecraft:sculk":5,"minecraft:diorite":38,"minecraft:wall_torch":5,"minecraft:amethyst_block":2,"minecraft:seagrass":1,"minecraft:birch_log":11,"minecraft:spruce_log":113,"minecraft:grass":11,"minecraft:coal_ore":389,"minecraft:oak_log":65,"minecraft:gravel":3,"minecraft:sand":389,"minecraft:dirt":53,"minecraft:cobweb":8,"minecraft:smooth_basalt":2,"minecraft:gold_ore":29,"minecraft:oak_leaves":14,"minecraft:deepslate":320},"minecraft:killed_by":{"alexsmobs:skelewag":4,"cataclysm:deepling_angler":1,"alexsmobs:bison":1,"cataclysm:deepling":1,"minecraft:skeleton":1},"minecraft:custom":{"minecraft:mob_kills":179,"minecraft:animals_bred":13,"minecraft:interact_with_crafting_table":58,"minecraft:leave_game":19,"minecraft:time_since_death":40169,"minecraft:sprint_one_cm":505205,"minecraft:walk_one_cm":1195004,"minecraft:damage_blocked_by_shield":3808,"minecraft:drop":39,"minecraft:play_time":442196,"minecraft:sneak_time":8087,"minecraft:deaths":10,"minecraft:walk_under_water_one_cm":143099,"minecraft:boat_one_cm":1191145,"minecraft:jump":3539,"minecraft:interact_with_blast_furnace":36,"minecraft:walk_on_water_one_cm":79873,"minecraft:total_world_time":442196,"minecraft:interact_with_furnace":43,"tombstone:raider_killed":1,"minecraft:sleep_in_bed":10,"minecraft:time_since_rest":2428,"minecraft:damage_taken":6827,"minecraft:damage_dealt":33332,"minecraft:swim_one_cm":111455,"minecraft:fly_one_cm":489274,"minecraft:open_chest":201,"minecraft:crouch_one_cm":11907,"tombstone:undead_killed":102,"minecraft:interact_with_smoker":18,"minecraft:fall_one_cm":50811,"minecraft:inspect_dispenser":1},"minecraft:dropped":{"minecraft:cobblestone":6,"minecraft:granite":27,"bygonenether:cobbled_blackstone":1,"minecraft:diorite":1,"minecraft:ink_sac":6,"minecraft:seagrass":2,"tombstone:grave_dust":9,"minecraft:amethyst_shard":4,"minecraft:iron_axe":1,"minecraft:string":7,"minecraft:bone":12,"minecraft:cobbled_deepslate":6,"minecraft:rotten_flesh":21,"minecraft:cooked_mutton":2,"minecraft:spruce_boat":1,"minecraft:spruce_planks":1,"minecraft:andesite":26,"minecraft:oak_boat":2,"minecraft:spider_eye":3,"minecraft:slime_ball":4,"minecraft:basalt":3,"minecraft:arrow":14,"minecraft:raw_gold":9,"minecraft:calcite":1},"minecraft:broken":{"aether:golden_gloves":1,"minecraft:iron_shovel":1,"minecraft:stone_sword":1,"minecraft:iron_boots":1,"minecraft:iron_chestplate":1,"minecraft:iron_leggings":1,"minecraft:stone_pickaxe":4,"minecraft:shield":1,"minecraft:stone_axe":1,"minecraft:iron_sword":1,"minecraft:iron_pickaxe":7,"minecraft:iron_helmet":1},"minecraft:killed":{"alexsmobs:lobster":2,"minecraft:witch":1,"minecraft:spider":16,"alexsmobs:tasmanian_devil":1,"minecraft:slime":6,"minecraft:skeleton":31,"minecraft:horse":7,"minecraft:chicken":3,"alexsmobs:bison":2,"alexsmobs:skelewag":4,"alexsmobs:flying_fish":2,"cataclysm:deepling_angler":1,"minecraft:zombie_villager":1,"alexsmobs:seal":1,"minecraft:creeper":6,"minecraft:sheep":14,"minecraft:zombie":66,"cataclysm:deepling":1,"alexsmobs:fly":1,"alexsmobs:crow":1,"minecraft:enderman":1,"minecraft:cow":8},"minecraft:used":{"minecraft:oak_fence":26,"minecraft:stone_sword":123,"minecraft:iron_shovel":460,"minecraft:flint_and_steel":2,"farmersdelight:cabbage_seeds":28,"minecraft:spruce_planks":84,"minecraft:chest":29,"minecraft:shield":173,"minecraft:stone":11,"minecraft:iron_sword":354,"minecraft:cooked_chicken":3,"minecraft:stone_hoe":80,"minecraft:rotten_flesh":6,"minecraft:torch":427,"minecraft:dirt":96,"minecraft:spruce_stairs":12,"securitycraft:reinforced_stone":1,"minecraft:carrot":81,"minecraft:tuff":4,"minecraft:oak_fence_gate":2,"minecraft:granite":1,"minecraft:glass":110,"minecraft:spruce_boat":1,"minecraft:wooden_axe":13,"minecraft:iron_axe":217,"minecraft:grass_block":1,"minecraft:item_frame":11,"minecraft:magma_block":1,"minecraft:furnace":3,"tombstone:gift":5,"minecraft:egg":1,"minecraft:potato":63,"minecraft:cooked_beef":25,"farmersdelight:tomato_seeds":20,"minecraft:cobbled_deepslate":18,"alexsmobs:blobfish":1,"minecraft:cooked_mutton":12,"minecraft:water_bucket":7,"minecraft:diorite":1,"minecraft:baked_potato":3,"minecraft:stone_pickaxe":525,"minecraft:oak_planks":13,"minecraft:wooden_pickaxe":20,"minecraft:diamond_block":2,"farmersdelight:onion":4,"minecraft:tnt":2,"minecraft:crafting_table":24,"minecraft:birch_sign":1,"minecraft:blast_furnace":2,"securitycraft:universal_block_remover":11,"minecraft:white_bed":3,"minecraft:smoker":2,"minecraft:bread":1,"minecraft:iron_pickaxe":1767,"minecraft:pig_spawn_egg":10,"tombstone:magic_scroll":1,"minecraft:gravel":2,"minecraft:spruce_sapling":12,"minecraft:stone_axe":106,"minecraft:cobblestone":35,"minecraft:bucket":4,"minecraft:oak_boat":21,"alexsmobs:animal_dictionary":3},"minecraft:crafted":{"securitycraft:reinforced_black_stained_glass":8,"minecraft:black_dye":1,"minecraft:wooden_sword":1,"minecraft:smooth_stone":3,"minecraft:oak_planks":120,"minecraft:coal":420,"minecraft:cooked_chicken":3,"minecraft:furnace":4,"minecraft:blast_furnace":1,"minecraft:stone":36,"minecraft:diamond_block":2,"minecraft:cooked_mutton":14,"minecraft:glass_pane":16,"securitycraft:laser_block":1,"minecraft:glass":167,"minecraft:bow":1,"minecraft:iron_boots":2,"minecraft:iron_axe":2,"securitycraft:universal_block_remover":1,"minecraft:stone_pickaxe":4,"minecraft:chest":1,"minecraft:spruce_boat":1,"minecraft:redstone_block":1,"minecraft:birch_sign":3,"minecraft:smoker":2,"minecraft:cooked_beef":29,"minecraft:coal_block":29,"minecraft:item_frame":11,"minecraft:crafting_table":3,"minecraft:spruce_planks":172,"minecraft:baked_potato":28,"minecraft:iron_helmet":2,"minecraft:wooden_pickaxe":1,"minecraft:iron_sword":2,"securitycraft:universal_block_reinforcer_lvl2":1,"minecraft:copper_ingot":46,"minecraft:birch_planks":44,"minecraft:stone_axe":1,"minecraft:air":0,"minecraft:oak_boat":7,"minecraft:iron_chestplate":2,"minecraft:shield":2,"minecraft:stick":232,"minecraft:iron_ingot":237,"minecraft:iron_pickaxe":8,"minecraft:wooden_axe":1,"minecraft:stone_sword":1,"minecraft:iron_shovel":2,"minecraft:iron_leggings":2,"minecraft:gold_ingot":125,"minecraft:white_bed":1,"minecraft:torch":428,"minecraft:shears":1}},"DataVersion":3120}